净值日期,净值日期,单位净值,日增长率
2011-01-25,2011-01-25,1.0,0.0
2011-01-28,2011-01-28,1.012,1.2
2011-02-01,2011-02-01,1.018,0.5929
2011-02-11,2011-02-11,1.036,1.7682
2011-02-18,2011-02-18,1.06,2.3166
2011-02-25,2011-02-25,1.054,-0.566
2011-03-04,2011-03-04,1.055,0.0949
2011-03-11,2011-03-11,1.046,-0.8531
2011-03-15,2011-03-15,1.042,-0.3824
2011-03-16,2011-03-16,1.052,0.9597
2011-03-17,2011-03-17,1.041,-1.0456
2011-03-18,2011-03-18,1.044,0.2882
2011-03-21,2011-03-21,1.037,-0.6705
2011-03-22,2011-03-22,1.035,-0.1929
2011-03-23,2011-03-23,1.044,0.8696
2011-03-24,2011-03-24,1.041,-0.2874
2011-03-25,2011-03-25,1.05,0.8646
2011-03-28,2011-03-28,1.044,-0.5714
2011-03-29,2011-03-29,1.027,-1.6284
2011-03-30,2011-03-30,1.021,-0.5842
2011-03-31,2011-03-31,1.012,-0.8815
2011-04-01,2011-04-01,1.024,1.1858
2011-04-06,2011-04-06,1.027,0.293
2011-04-07,2011-04-07,1.034,0.6816
2011-04-08,2011-04-08,1.041,0.677
2011-04-11,2011-04-11,1.032,-0.8646
2011-04-12,2011-04-12,1.025,-0.6783
2011-04-13,2011-04-13,1.032,0.6829
2011-04-14,2011-04-14,1.024,-0.7752
2011-04-15,2011-04-15,1.02,-0.3906
2011-04-18,2011-04-18,1.025,0.4902
2011-04-19,2011-04-19,1.017,-0.7805
2011-04-20,2011-04-20,1.013,-0.3933
2011-04-21,2011-04-21,1.017,0.3949
2011-04-22,2011-04-22,1.01,-0.6883
2011-04-25,2011-04-25,0.993,-1.6832
2011-04-26,2011-04-26,0.982,-1.1078
2011-04-27,2011-04-27,0.974,-0.8147
2011-04-28,2011-04-28,0.952,-2.2587
2011-04-29,2011-04-29,0.966,1.4706
2011-05-03,2011-05-03,0.974,0.8282
2011-05-04,2011-05-04,0.955,-1.9507
2011-05-05,2011-05-05,0.961,0.6283
2011-05-06,2011-05-06,0.963,0.2081
2011-05-09,2011-05-09,0.97,0.7269
2011-05-10,2011-05-10,0.972,0.2062
2011-05-11,2011-05-11,0.969,-0.3086
2011-05-12,2011-05-12,0.961,-0.8256
2011-05-13,2011-05-13,0.958,-0.3122
2011-05-16,2011-05-16,0.953,-0.5219
2011-05-17,2011-05-17,0.953,0.0
2011-05-18,2011-05-18,0.956,0.3148
2011-05-19,2011-05-19,0.952,-0.4184
2011-05-20,2011-05-20,0.948,-0.4202
2011-05-23,2011-05-23,0.922,-2.7426
2011-05-24,2011-05-24,0.922,0.0
2011-05-25,2011-05-25,0.917,-0.5423
2011-05-26,2011-05-26,0.911,-0.6543
2011-05-27,2011-05-27,0.901,-1.0977
2011-05-30,2011-05-30,0.898,-0.333
2011-05-31,2011-05-31,0.908,1.1136
2011-06-01,2011-06-01,0.91,0.2203
2011-06-02,2011-06-02,0.901,-0.989
2011-06-03,2011-06-03,0.911,1.1099
2011-06-07,2011-06-07,0.915,0.4391
2011-06-08,2011-06-08,0.916,0.1093
2011-06-09,2011-06-09,0.897,-2.0742
2011-06-10,2011-06-10,0.898,0.1115
2011-06-13,2011-06-13,0.893,-0.5568
2011-06-14,2011-06-14,0.907,1.5677
2011-06-15,2011-06-15,0.899,-0.882
2011-06-16,2011-06-16,0.886,-1.4461
2011-06-17,2011-06-17,0.877,-1.0158
2011-06-20,2011-06-20,0.864,-1.4823
2011-06-21,2011-06-21,0.875,1.2731
2011-06-22,2011-06-22,0.875,0.0
2011-06-23,2011-06-23,0.894,2.1714
2011-06-24,2011-06-24,0.916,2.4609
2011-06-27,2011-06-27,0.922,0.655
2011-06-28,2011-06-28,0.924,0.2169
2011-06-29,2011-06-29,0.915,-0.974
2011-06-30,2011-06-30,0.928,1.4208
2011-07-01,2011-07-01,0.93,0.2155
2011-07-04,2011-07-04,0.949,2.043
2011-07-05,2011-07-05,0.952,0.3161
2011-07-06,2011-07-06,0.952,0.0
2011-07-07,2011-07-07,0.951,-0.105
2011-07-08,2011-07-08,0.952,0.1052
2011-07-11,2011-07-11,0.96,0.8403
2011-07-12,2011-07-12,0.953,-0.7292
2011-07-13,2011-07-13,0.967,1.469
2011-07-14,2011-07-14,0.974,0.7239
2011-07-15,2011-07-15,0.977,0.308
2011-07-18,2011-07-18,0.975,-0.2047
2011-07-19,2011-07-19,0.962,-1.3333
2011-07-20,2011-07-20,0.963,0.104
2011-07-21,2011-07-21,0.953,-1.0384
2011-07-22,2011-07-22,0.96,0.7345
2011-07-25,2011-07-25,0.933,-2.8125
2011-07-26,2011-07-26,0.933,0.0
2011-07-27,2011-07-27,0.943,1.0718
2011-07-28,2011-07-28,0.943,0.0
2011-07-29,2011-07-29,0.939,-0.4242
2011-08-01,2011-08-01,0.941,0.213
2011-08-02,2011-08-02,0.936,-0.5313
2011-08-03,2011-08-03,0.942,0.641
2011-08-04,2011-08-04,0.943,0.1062
2011-08-05,2011-08-05,0.929,-1.4846
2011-08-08,2011-08-08,0.903,-2.7987
2011-08-09,2011-08-09,0.906,0.3322
2011-08-10,2011-08-10,0.918,1.3245
2011-08-11,2011-08-11,0.931,1.4161
2011-08-12,2011-08-12,0.935,0.4296
2011-08-15,2011-08-15,0.948,1.3904
2011-08-16,2011-08-16,0.941,-0.7384
2011-08-17,2011-08-17,0.936,-0.5313
2011-08-18,2011-08-18,0.918,-1.9231
2011-08-19,2011-08-19,0.913,-0.5447
2011-08-22,2011-08-22,0.903,-1.0953
2011-08-23,2011-08-23,0.915,1.3289
2011-08-24,2011-08-24,0.915,0.0
2011-08-25,2011-08-25,0.935,2.1858
2011-08-26,2011-08-26,0.935,0.0
2011-08-29,2011-08-29,0.925,-1.0695
2011-08-30,2011-08-30,0.92,-0.5405
2011-08-31,2011-08-31,0.918,-0.2174
2011-09-01,2011-09-01,0.911,-0.7625
2011-09-02,2011-09-02,0.905,-0.6586
2011-09-05,2011-09-05,0.888,-1.8785
2011-09-06,2011-09-06,0.879,-1.0135
2011-09-07,2011-09-07,0.895,1.8203
2011-09-08,2011-09-08,0.888,-0.7821
2011-09-09,2011-09-09,0.883,-0.5631
2011-09-13,2011-09-13,0.868,-1.6988
2011-09-14,2011-09-14,0.873,0.576
2011-09-15,2011-09-15,0.873,0.0
2011-09-16,2011-09-16,0.875,0.2291
2011-09-19,2011-09-19,0.861,-1.6
2011-09-20,2011-09-20,0.863,0.2323
2011-09-21,2011-09-21,0.882,2.2016
2011-09-22,2011-09-22,0.859,-2.6077
2011-09-23,2011-09-23,0.851,-0.9313
2011-09-26,2011-09-26,0.829,-2.5852
2011-09-27,2011-09-27,0.832,0.3619
2011-09-28,2011-09-28,0.824,-0.9615
2011-09-29,2011-09-29,0.812,-1.4563
2011-09-30,2011-09-30,0.809,-0.3695
2011-10-10,2011-10-10,0.799,-1.2361
2011-10-11,2011-10-11,0.795,-0.5006
2011-10-12,2011-10-12,0.817,2.7673
2011-10-13,2011-10-13,0.829,1.4688
2011-10-14,2011-10-14,0.827,-0.2413
2011-10-17,2011-10-17,0.833,0.7255
2011-10-18,2011-10-18,0.812,-2.521
2011-10-19,2011-10-19,0.805,-0.8621
2011-10-20,2011-10-20,0.783,-2.7329
2011-10-21,2011-10-21,0.778,-0.6386
2011-10-24,2011-10-24,0.791,1.671
2011-10-25,2011-10-25,0.81,2.402
2011-10-26,2011-10-26,0.822,1.4815
2011-10-27,2011-10-27,0.819,-0.365
2011-10-28,2011-10-28,0.837,2.1978
2011-10-31,2011-10-31,0.843,0.7168
2011-11-01,2011-11-01,0.841,-0.2372
2011-11-02,2011-11-02,0.86,2.2592
2011-11-03,2011-11-03,0.86,0.0
2011-11-04,2011-11-04,0.864,0.4651
2011-11-07,2011-11-07,0.859,-0.5787
2011-11-08,2011-11-08,0.849,-1.1641
2011-11-09,2011-11-09,0.861,1.4134
2011-11-10,2011-11-10,0.854,-0.813
2011-11-11,2011-11-11,0.849,-0.5855
2011-11-14,2011-11-14,0.867,2.1201
2011-11-15,2011-11-15,0.873,0.692
2011-11-16,2011-11-16,0.852,-2.4055
2011-11-17,2011-11-17,0.855,0.3521
2011-11-18,2011-11-18,0.834,-2.4561
2011-11-21,2011-11-21,0.831,-0.3597
2011-11-22,2011-11-22,0.832,0.1203
2011-11-23,2011-11-23,0.832,0.0
2011-11-24,2011-11-24,0.833,0.1202
2011-11-25,2011-11-25,0.834,0.12
2011-11-28,2011-11-28,0.837,0.3597
2011-11-29,2011-11-29,0.847,1.1947
2011-11-30,2011-11-30,0.821,-3.0697
2011-12-01,2011-12-01,0.836,1.827
2011-12-02,2011-12-02,0.822,-1.6746
2011-12-05,2011-12-05,0.796,-3.163
2011-12-06,2011-12-06,0.796,0.0
2011-12-07,2011-12-07,0.798,0.2513
2011-12-08,2011-12-08,0.798,0.0
2011-12-09,2011-12-09,0.788,-1.2531
2011-12-12,2011-12-12,0.781,-0.8883
2011-12-13,2011-12-13,0.763,-2.3047
2011-12-14,2011-12-14,0.753,-1.3106
2011-12-15,2011-12-15,0.742,-1.4608
2011-12-16,2011-12-16,0.761,2.5606
2011-12-19,2011-12-19,0.766,0.657
2011-12-20,2011-12-20,0.761,-0.6527
2011-12-21,2011-12-21,0.748,-1.7083
2011-12-22,2011-12-22,0.743,-0.6684
2011-12-23,2011-12-23,0.745,0.2692
2011-12-26,2011-12-26,0.743,-0.2685
2011-12-27,2011-12-27,0.728,-2.0188
2011-12-28,2011-12-28,0.724,-0.5495
2011-12-29,2011-12-29,0.727,0.4144
2011-12-30,2011-12-30,0.737,1.3755
2011-12-31,2011-12-31,0.737,0.0
2012-01-04,2012-01-04,0.719,-2.4423
2012-01-05,2012-01-05,0.696,-3.1989
2012-01-06,2012-01-06,0.693,-0.431
2012-01-09,2012-01-09,0.706,1.8759
2012-01-10,2012-01-10,0.724,2.5496
2012-01-11,2012-01-11,0.722,-0.2762
2012-01-12,2012-01-12,0.718,-0.554
2012-01-13,2012-01-13,0.698,-2.7855
2012-01-16,2012-01-16,0.682,-2.2923
2012-01-17,2012-01-17,0.707,3.6657
2012-01-18,2012-01-18,0.694,-1.8388
2012-01-19,2012-01-19,0.702,1.1527
2012-01-20,2012-01-20,0.713,1.567
2012-01-30,2012-01-30,0.706,-0.9818
2012-01-31,2012-01-31,0.706,0.0
2012-02-01,2012-02-01,0.7,-0.8499
2012-02-02,2012-02-02,0.713,1.8571
2012-02-03,2012-02-03,0.719,0.8415
2012-02-06,2012-02-06,0.723,0.5563
2012-02-07,2012-02-07,0.712,-1.5214
2012-02-08,2012-02-08,0.725,1.8258
2012-02-09,2012-02-09,0.726,0.1379
2012-02-10,2012-02-10,0.726,0.0
2012-02-13,2012-02-13,0.73,0.551
2012-02-14,2012-02-14,0.727,-0.411
2012-02-15,2012-02-15,0.734,0.9629
2012-02-16,2012-02-16,0.733,-0.1362
2012-02-17,2012-02-17,0.731,-0.2729
2012-02-20,2012-02-20,0.733,0.2736
2012-02-21,2012-02-21,0.739,0.8186
2012-02-22,2012-02-22,0.751,1.6238
2012-02-23,2012-02-23,0.751,0.0
2012-02-24,2012-02-24,0.756,0.6658
2012-02-27,2012-02-27,0.759,0.3968
2012-02-28,2012-02-28,0.757,-0.2635
2012-02-29,2012-02-29,0.749,-1.0568
2012-03-01,2012-03-01,0.751,0.267
2012-03-02,2012-03-02,0.766,1.9973
2012-03-05,2012-03-05,0.763,-0.3916
2012-03-06,2012-03-06,0.754,-1.1796
2012-03-07,2012-03-07,0.749,-0.6631
2012-03-08,2012-03-08,0.757,1.0681
2012-03-09,2012-03-09,0.764,0.9247
2012-03-12,2012-03-12,0.764,0.0
2012-03-13,2012-03-13,0.77,0.7853
2012-03-14,2012-03-14,0.748,-2.8571
2012-03-15,2012-03-15,0.744,-0.5348
2012-03-16,2012-03-16,0.757,1.7473
2012-03-19,2012-03-19,0.76,0.3963
2012-03-20,2012-03-20,0.746,-1.8421
2012-03-21,2012-03-21,0.745,-0.134
2012-03-22,2012-03-22,0.742,-0.4027
2012-03-23,2012-03-23,0.731,-1.4825
2012-03-26,2012-03-26,0.734,0.4104
2012-03-27,2012-03-27,0.73,-0.545
2012-03-28,2012-03-28,0.712,-2.4658
2012-03-29,2012-03-29,0.705,-0.9831
2012-03-30,2012-03-30,0.706,0.1418
2012-03-31,2012-03-31,0.706,0.0
2012-04-05,2012-04-05,0.723,2.4079
2012-04-06,2012-04-06,0.727,0.5533
2012-04-09,2012-04-09,0.721,-0.8253
2012-04-10,2012-04-10,0.727,0.8322
2012-04-11,2012-04-11,0.725,-0.2751
2012-04-12,2012-04-12,0.735,1.3793
2012-04-13,2012-04-13,0.739,0.5442
2012-04-16,2012-04-16,0.739,0.0
2012-04-17,2012-04-17,0.731,-1.0825
2012-04-18,2012-04-18,0.745,1.9152
2012-04-19,2012-04-19,0.745,0.0
2012-04-20,2012-04-20,0.748,0.4027
2012-04-23,2012-04-23,0.738,-1.3369
2012-04-24,2012-04-24,0.735,-0.4065
2012-04-25,2012-04-25,0.741,0.8163
2012-04-26,2012-04-26,0.743,0.2699
2012-04-27,2012-04-27,0.746,0.4038
2012-05-02,2012-05-02,0.761,2.0107
2012-05-03,2012-05-03,0.764,0.3942
2012-05-04,2012-05-04,0.772,1.0471
2012-05-07,2012-05-07,0.777,0.6477
2012-05-08,2012-05-08,0.774,-0.3861
2012-05-09,2012-05-09,0.761,-1.6796
2012-05-10,2012-05-10,0.762,0.1314
2012-05-11,2012-05-11,0.759,-0.3937
2012-05-14,2012-05-14,0.755,-0.527
2012-05-15,2012-05-15,0.757,0.2649
2012-05-16,2012-05-16,0.752,-0.6605
2012-05-17,2012-05-17,0.755,0.3989
2012-05-18,2012-05-18,0.744,-1.457
2012-05-21,2012-05-21,0.747,0.4032
2012-05-22,2012-05-22,0.757,1.3387
2012-05-23,2012-05-23,0.759,0.2642
2012-05-24,2012-05-24,0.753,-0.7905
2012-05-25,2012-05-25,0.747,-0.7968
2012-05-28,2012-05-28,0.756,1.2048
2012-05-29,2012-05-29,0.767,1.455
2012-05-30,2012-05-30,0.766,-0.1304
2012-05-31,2012-05-31,0.764,-0.2611
2012-06-01,2012-06-01,0.76,-0.5236
2012-06-04,2012-06-04,0.741,-2.5
2012-06-05,2012-06-05,0.739,-0.2699
2012-06-06,2012-06-06,0.736,-0.406
2012-06-07,2012-06-07,0.736,0.0
2012-06-08,2012-06-08,0.733,-0.4076
2012-06-11,2012-06-11,0.75,2.3192
2012-06-12,2012-06-12,0.749,-0.1333
2012-06-13,2012-06-13,0.763,1.8692
2012-06-14,2012-06-14,0.758,-0.6553
2012-06-15,2012-06-15,0.754,-0.5277
2012-06-18,2012-06-18,0.76,0.7958
2012-06-19,2012-06-19,0.754,-0.7895
2012-06-20,2012-06-20,0.749,-0.6631
2012-06-21,2012-06-21,0.739,-1.3351
2012-06-25,2012-06-25,0.727,-1.6238
2012-06-26,2012-06-26,0.728,0.1376
2012-06-27,2012-06-27,0.735,0.9615
2012-06-28,2012-06-28,0.732,-0.4082
2012-06-29,2012-06-29,0.742,1.3661
2012-06-30,2012-06-30,0.742,0.0
2012-07-02,2012-07-02,0.753,1.4825
2012-07-03,2012-07-03,0.754,0.1328
2012-07-04,2012-07-04,0.747,-0.9284
2012-07-05,2012-07-05,0.742,-0.6693
2012-07-06,2012-07-06,0.757,2.0216
2012-07-09,2012-07-09,0.751,-0.7926
2012-07-10,2012-07-10,0.743,-1.0652
2012-07-11,2012-07-11,0.748,0.6729
2012-07-12,2012-07-12,0.754,0.8021
2012-07-13,2012-07-13,0.755,0.1326
2012-07-16,2012-07-16,0.743,-1.5894
2012-07-17,2012-07-17,0.741,-0.2692
2012-07-18,2012-07-18,0.735,-0.8097
2012-07-19,2012-07-19,0.737,0.2721
2012-07-20,2012-07-20,0.735,-0.2714
2012-07-23,2012-07-23,0.731,-0.5442
2012-07-24,2012-07-24,0.734,0.4104
2012-07-25,2012-07-25,0.736,0.2725
2012-07-26,2012-07-26,0.733,-0.4076
2012-07-27,2012-07-27,0.724,-1.2278
2012-07-30,2012-07-30,0.718,-0.8287
2012-07-31,2012-07-31,0.712,-0.8357
2012-08-01,2012-08-01,0.721,1.264
2012-08-02,2012-08-02,0.72,-0.1387
2012-08-03,2012-08-03,0.727,0.9722
2012-08-06,2012-08-06,0.737,1.3755
2012-08-07,2012-08-07,0.739,0.2714
2012-08-08,2012-08-08,0.737,-0.2706
2012-08-09,2012-08-09,0.746,1.2212
2012-08-10,2012-08-10,0.742,-0.5362
2012-08-13,2012-08-13,0.734,-1.0782
2012-08-14,2012-08-14,0.732,-0.2725
2012-08-15,2012-08-15,0.73,-0.2732
2012-08-16,2012-08-16,0.724,-0.8219
2012-08-17,2012-08-17,0.72,-0.5525
2012-08-20,2012-08-20,0.723,0.4167
2012-08-21,2012-08-21,0.733,1.3831
2012-08-22,2012-08-22,0.729,-0.5457
2012-08-23,2012-08-23,0.729,0.0
2012-08-24,2012-08-24,0.72,-1.2346
2012-08-27,2012-08-27,0.709,-1.5278
2012-08-28,2012-08-28,0.711,0.2821
2012-08-29,2012-08-29,0.709,-0.2813
2012-08-30,2012-08-30,0.693,-2.2567
2012-08-31,2012-08-31,0.694,0.1443
2012-09-03,2012-09-03,0.709,2.1614
2012-09-04,2012-09-04,0.709,0.0
2012-09-05,2012-09-05,0.711,0.2821
2012-09-06,2012-09-06,0.713,0.2813
2012-09-07,2012-09-07,0.727,1.9635
2012-09-10,2012-09-10,0.727,0.0
2012-09-11,2012-09-11,0.724,-0.4127
2012-09-12,2012-09-12,0.727,0.4144
2012-09-13,2012-09-13,0.716,-1.5131
2012-09-14,2012-09-14,0.716,0.0
2012-09-17,2012-09-17,0.703,-1.8156
2012-09-18,2012-09-18,0.701,-0.2845
2012-09-19,2012-09-19,0.706,0.7133
2012-09-20,2012-09-20,0.692,-1.983
2012-09-21,2012-09-21,0.688,-0.578
2012-09-24,2012-09-24,0.692,0.5814
2012-09-25,2012-09-25,0.69,-0.289
2012-09-26,2012-09-26,0.68,-1.4493
2012-09-27,2012-09-27,0.692,1.7647
2012-09-28,2012-09-28,0.702,1.4451
2012-09-30,2012-09-30,0.702,0.0
2012-10-08,2012-10-08,0.699,-0.4274
2012-10-09,2012-10-09,0.711,1.7167
2012-10-10,2012-10-10,0.714,0.4219
2012-10-11,2012-10-11,0.708,-0.8403
2012-10-12,2012-10-12,0.705,-0.4237
2012-10-15,2012-10-15,0.706,0.1418
2012-10-16,2012-10-16,0.712,0.8499
2012-10-17,2012-10-17,0.711,-0.1404
2012-10-18,2012-10-18,0.72,1.2658
2012-10-19,2012-10-19,0.718,-0.2778
2012-10-22,2012-10-22,0.721,0.4178
2012-10-23,2012-10-23,0.704,-2.3578
2012-10-24,2012-10-24,0.7,-0.5682
2012-10-25,2012-10-25,0.696,-0.5714
2012-10-26,2012-10-26,0.692,-0.5747
2012-10-29,2012-10-29,0.693,0.1445
2012-10-30,2012-10-30,0.695,0.2886
2012-10-31,2012-10-31,0.7,0.7194
2012-11-01,2012-11-01,0.705,0.7143
2012-11-02,2012-11-02,0.705,0.0
2012-11-05,2012-11-05,0.7,-0.7092
2012-11-06,2012-11-06,0.698,-0.2857
2012-11-07,2012-11-07,0.696,-0.2865
2012-11-08,2012-11-08,0.687,-1.2931
2012-11-09,2012-11-09,0.685,-0.2911
2012-11-12,2012-11-12,0.684,-0.146
2012-11-13,2012-11-13,0.676,-1.1696
2012-11-14,2012-11-14,0.675,-0.1479
2012-11-15,2012-11-15,0.668,-1.037
2012-11-16,2012-11-16,0.665,-0.4491
2012-11-19,2012-11-19,0.665,0.0
2012-11-20,2012-11-20,0.663,-0.3008
2012-11-21,2012-11-21,0.665,0.3017
2012-11-22,2012-11-22,0.657,-1.203
2012-11-23,2012-11-23,0.659,0.3044
2012-11-26,2012-11-26,0.655,-0.607
2012-11-27,2012-11-27,0.641,-2.1374
2012-11-28,2012-11-28,0.63,-1.7161
2012-11-29,2012-11-29,0.628,-0.3175
2012-11-30,2012-11-30,0.633,0.7962
2012-12-03,2012-12-03,0.628,-0.7899
2012-12-04,2012-12-04,0.63,0.3185
2012-12-05,2012-12-05,0.644,2.2222
2012-12-06,2012-12-06,0.642,-0.3106
2012-12-07,2012-12-07,0.648,0.9346
2012-12-10,2012-12-10,0.655,1.0802
2012-12-11,2012-12-11,0.651,-0.6107
2012-12-12,2012-12-12,0.652,0.1536
2012-12-13,2012-12-13,0.646,-0.9202
2012-12-14,2012-12-14,0.668,3.4056
2012-12-17,2012-12-17,0.67,0.2994
2012-12-18,2012-12-18,0.672,0.2985
2012-12-19,2012-12-19,0.673,0.1488
2012-12-20,2012-12-20,0.681,1.1887
2012-12-21,2012-12-21,0.678,-0.4405
2012-12-24,2012-12-24,0.683,0.7375
2012-12-25,2012-12-25,0.695,1.757
2012-12-26,2012-12-26,0.702,1.0072
2012-12-27,2012-12-27,0.694,-1.1396
2012-12-28,2012-12-28,0.704,1.4409
2012-12-31,2012-12-31,0.709,0.7102
2013-01-04,2013-01-04,0.708,-0.141
2013-01-07,2013-01-07,0.708,0.0
2013-01-08,2013-01-08,0.71,0.2825
2013-01-09,2013-01-09,0.71,0.0
2013-01-10,2013-01-10,0.714,0.5634
2013-01-11,2013-01-11,0.701,-1.8207
2013-01-14,2013-01-14,0.727,3.709
2013-01-15,2013-01-15,0.734,0.9629
2013-01-16,2013-01-16,0.728,-0.8174
2013-01-17,2013-01-17,0.719,-1.2363
2013-01-18,2013-01-18,0.733,1.9471
2013-01-21,2013-01-21,0.735,0.2729
2013-01-22,2013-01-22,0.722,-1.7687
2013-01-23,2013-01-23,0.726,0.554
2013-01-24,2013-01-24,0.714,-1.6529
2013-01-25,2013-01-25,0.713,-0.1401
2013-01-28,2013-01-28,0.736,3.2258
2013-01-29,2013-01-29,0.743,0.9511
2013-01-30,2013-01-30,0.741,-0.2692
2013-01-31,2013-01-31,0.735,-0.8097
2013-02-01,2013-02-01,0.743,1.0884
2013-02-04,2013-02-04,0.739,-0.5384
2013-02-05,2013-02-05,0.745,0.8119
2013-02-06,2013-02-06,0.753,1.0738
2013-02-07,2013-02-07,0.759,0.7968
2013-02-08,2013-02-08,0.765,0.7905
2013-02-18,2013-02-18,0.758,-0.915
2013-02-19,2013-02-19,0.737,-2.7704
2013-02-20,2013-02-20,0.751,1.8996
2013-02-21,2013-02-21,0.733,-2.3968
2013-02-22,2013-02-22,0.732,-0.1364
2013-02-25,2013-02-25,0.74,1.0929
2013-02-26,2013-02-26,0.733,-0.9459
2013-02-27,2013-02-27,0.737,0.5457
2013-02-28,2013-02-28,0.755,2.4423
2013-03-01,2013-03-01,0.767,1.5894
2013-03-04,2013-03-04,0.739,-3.6506
2013-03-05,2013-03-05,0.757,2.4357
2013-03-06,2013-03-06,0.764,0.9247
2013-03-07,2013-03-07,0.748,-2.0942
2013-03-08,2013-03-08,0.736,-1.6043
2013-03-11,2013-03-11,0.739,0.4076
2013-03-12,2013-03-12,0.722,-2.3004
2013-03-13,2013-03-13,0.719,-0.4155
2013-03-14,2013-03-14,0.73,1.5299
2013-03-15,2013-03-15,0.733,0.411
2013-03-18,2013-03-18,0.732,-0.1364
2013-03-19,2013-03-19,0.729,-0.4098
2013-03-20,2013-03-20,0.746,2.332
2013-03-21,2013-03-21,0.762,2.1448
2013-03-22,2013-03-22,0.763,0.1312
2013-03-25,2013-03-25,0.766,0.3932
2013-03-26,2013-03-26,0.763,-0.3916
2013-03-27,2013-03-27,0.765,0.2621
2013-03-28,2013-03-28,0.753,-1.5686
2013-03-29,2013-03-29,0.756,0.3984
2013-04-01,2013-04-01,0.76,0.5291
2013-04-02,2013-04-02,0.737,-3.0263
2013-04-03,2013-04-03,0.736,-0.1357
2013-04-08,2013-04-08,0.748,1.6304
2013-04-09,2013-04-09,0.749,0.1337
2013-04-10,2013-04-10,0.742,-0.9346
2013-04-11,2013-04-11,0.74,-0.2695
2013-04-12,2013-04-12,0.739,-0.1351
2013-04-15,2013-04-15,0.733,-0.8119
2013-04-16,2013-04-16,0.74,0.955
2013-04-17,2013-04-17,0.751,1.4865
2013-04-18,2013-04-18,0.754,0.3995
2013-04-19,2013-04-19,0.768,1.8568
2013-04-22,2013-04-22,0.779,1.4323
2013-04-23,2013-04-23,0.76,-2.439
2013-04-24,2013-04-24,0.776,2.1053
2013-04-25,2013-04-25,0.759,-2.1907
2013-04-26,2013-04-26,0.744,-1.9763
2013-05-02,2013-05-02,0.757,1.7473
2013-05-03,2013-05-03,0.77,1.7173
2013-05-06,2013-05-06,0.789,2.4675
2013-05-07,2013-05-07,0.781,-1.0139
2013-05-08,2013-05-08,0.794,1.6645
2013-05-09,2013-05-09,0.801,0.8816
2013-05-10,2013-05-10,0.794,-0.8739
2013-05-13,2013-05-13,0.799,0.6297
2013-05-14,2013-05-14,0.79,-1.1264
2013-05-15,2013-05-15,0.818,3.5443
2013-05-16,2013-05-16,0.819,0.1222
2013-05-17,2013-05-17,0.835,1.9536
2013-05-20,2013-05-20,0.84,0.5988
2013-05-21,2013-05-21,0.859,2.2619
2013-05-22,2013-05-22,0.834,-2.9104
2013-05-23,2013-05-23,0.837,0.3597
2013-05-24,2013-05-24,0.855,2.1505
2013-05-27,2013-05-27,0.857,0.2339
2013-05-28,2013-05-28,0.838,-2.217
2013-05-29,2013-05-29,0.845,0.8353
2013-05-30,2013-05-30,0.843,-0.2367
2013-05-31,2013-05-31,0.837,-0.7117
2013-06-03,2013-06-03,0.828,-1.0753
2013-06-04,2013-06-04,0.808,-2.4155
2013-06-05,2013-06-05,0.821,1.6089
2013-06-06,2013-06-06,0.811,-1.218
2013-06-07,2013-06-07,0.813,0.2466
2013-06-13,2013-06-13,0.81,-0.369
2013-06-14,2013-06-14,0.841,3.8272
2013-06-17,2013-06-17,0.845,0.4756
2013-06-18,2013-06-18,0.84,-0.5917
2013-06-19,2013-06-19,0.836,-0.4762
2013-06-20,2013-06-20,0.809,-3.2297
2013-06-21,2013-06-21,0.805,-0.4944
2013-06-24,2013-06-24,0.773,-3.9752
2013-06-25,2013-06-25,0.78,0.9056
2013-06-26,2013-06-26,0.812,4.1026
2013-06-27,2013-06-27,0.799,-1.601
2013-06-28,2013-06-28,0.795,-0.5006
2013-06-30,2013-06-30,0.795,0.0
2013-07-01,2013-07-01,0.823,3.522
2013-07-02,2013-07-02,0.837,1.7011
2013-07-03,2013-07-03,0.844,0.8363
2013-07-04,2013-07-04,0.833,-1.3033
2013-07-05,2013-07-05,0.821,-1.4406
2013-07-08,2013-07-08,0.791,-3.6541
2013-07-09,2013-07-09,0.792,0.1264
2013-07-10,2013-07-10,0.808,2.0202
2013-07-11,2013-07-11,0.825,2.104
2013-07-12,2013-07-12,0.828,0.3636
2013-07-15,2013-07-15,0.852,2.8986
2013-07-16,2013-07-16,0.863,1.2911
2013-07-17,2013-07-17,0.848,-1.7381
2013-07-18,2013-07-18,0.846,-0.2358
2013-07-19,2013-07-19,0.836,-1.182
2013-07-22,2013-07-22,0.86,2.8708
2013-07-23,2013-07-23,0.885,2.907
2013-07-24,2013-07-24,0.889,0.452
2013-07-25,2013-07-25,0.862,-3.0371
2013-07-26,2013-07-26,0.858,-0.464
2013-07-29,2013-07-29,0.856,-0.2331
2013-07-30,2013-07-30,0.839,-1.986
2013-07-31,2013-07-31,0.833,-0.7151
2013-08-01,2013-08-01,0.866,3.9616
2013-08-02,2013-08-02,0.868,0.2309
2013-08-05,2013-08-05,0.882,1.6129
2013-08-06,2013-08-06,0.891,1.0204
2013-08-07,2013-08-07,0.871,-2.2447
2013-08-08,2013-08-08,0.877,0.6889
2013-08-09,2013-08-09,0.877,0.0
2013-08-12,2013-08-12,0.871,-0.6842
2013-08-13,2013-08-13,0.876,0.5741
2013-08-14,2013-08-14,0.871,-0.5708
2013-08-15,2013-08-15,0.861,-1.1481
2013-08-16,2013-08-16,0.837,-2.7875
2013-08-19,2013-08-19,0.857,2.3895
2013-08-20,2013-08-20,0.858,0.1167
2013-08-21,2013-08-21,0.861,0.3497
2013-08-22,2013-08-22,0.865,0.4646
2013-08-23,2013-08-23,0.865,0.0
2013-08-26,2013-08-26,0.885,2.3121
2013-08-27,2013-08-27,0.885,0.0
2013-08-28,2013-08-28,0.873,-1.3559
2013-08-29,2013-08-29,0.866,-0.8018
2013-08-30,2013-08-30,0.846,-2.3095
2013-09-02,2013-09-02,0.858,1.4184
2013-09-03,2013-09-03,0.866,0.9324
2013-09-04,2013-09-04,0.862,-0.4619
2013-09-05,2013-09-05,0.87,0.9281
2013-09-06,2013-09-06,0.869,-0.1149
2013-09-09,2013-09-09,0.87,0.1151
2013-09-10,2013-09-10,0.873,0.3448
2013-09-11,2013-09-11,0.859,-1.6037
2013-09-12,2013-09-12,0.864,0.5821
2013-09-13,2013-09-13,0.868,0.463
2013-09-16,2013-09-16,0.868,0.0
2013-09-17,2013-09-17,0.853,-1.7281
2013-09-18,2013-09-18,0.855,0.2345
2013-09-23,2013-09-23,0.869,1.6374
2013-09-24,2013-09-24,0.867,-0.2301
2013-09-25,2013-09-25,0.857,-1.1534
2013-09-26,2013-09-26,0.848,-1.0502
2013-09-27,2013-09-27,0.859,1.2972
2013-09-30,2013-09-30,0.866,0.8149
2013-10-08,2013-10-08,0.877,1.2702
2013-10-09,2013-10-09,0.883,0.6842
2013-10-10,2013-10-10,0.876,-0.7928
2013-10-11,2013-10-11,0.882,0.6849
2013-10-14,2013-10-14,0.879,-0.3401
2013-10-15,2013-10-15,0.877,-0.2275
2013-10-16,2013-10-16,0.858,-2.1665
2013-10-17,2013-10-17,0.858,0.0
2013-10-18,2013-10-18,0.86,0.2331
2013-10-21,2013-10-21,0.882,2.5581
2013-10-22,2013-10-22,0.872,-1.1338
2013-10-23,2013-10-23,0.852,-2.2936
2013-10-24,2013-10-24,0.848,-0.4695
2013-10-25,2013-10-25,0.835,-1.533
2013-10-28,2013-10-28,0.831,-0.479
2013-10-29,2013-10-29,0.824,-0.8424
2013-10-30,2013-10-30,0.833,1.0922
2013-10-31,2013-10-31,0.812,-2.521
2013-11-01,2013-11-01,0.807,-0.6158
2013-11-04,2013-11-04,0.811,0.4957
2013-11-05,2013-11-05,0.814,0.3699
2013-11-06,2013-11-06,0.809,-0.6143
2013-11-07,2013-11-07,0.795,-1.7305
2013-11-08,2013-11-08,0.787,-1.0063
2013-11-11,2013-11-11,0.799,1.5248
2013-11-12,2013-11-12,0.803,0.5006
2013-11-13,2013-11-13,0.795,-0.9963
2013-11-14,2013-11-14,0.803,1.0063
2013-11-15,2013-11-15,0.814,1.3699
2013-11-18,2013-11-18,0.823,1.1057
2013-11-19,2013-11-19,0.82,-0.3645
2013-11-20,2013-11-20,0.825,0.6098
2013-11-21,2013-11-21,0.816,-1.0909
2013-11-22,2013-11-22,0.811,-0.6127
2013-11-25,2013-11-25,0.809,-0.2466
2013-11-26,2013-11-26,0.807,-0.2472
2013-11-27,2013-11-27,0.822,1.8587
2013-11-28,2013-11-28,0.832,1.2165
2013-11-29,2013-11-29,0.839,0.8413
2013-12-02,2013-12-02,0.81,-3.4565
2013-12-03,2013-12-03,0.82,1.2346
2013-12-04,2013-12-04,0.822,0.2439
2013-12-05,2013-12-05,0.816,-0.7299
2013-12-06,2013-12-06,0.811,-0.6127
2013-12-09,2013-12-09,0.815,0.4932
2013-12-10,2013-12-10,0.811,-0.4908
2013-12-11,2013-12-11,0.805,-0.7398
2013-12-12,2013-12-12,0.815,1.2422
2013-12-13,2013-12-13,0.819,0.4908
2013-12-16,2013-12-16,0.808,-1.3431
2013-12-17,2013-12-17,0.801,-0.8663
2013-12-18,2013-12-18,0.799,-0.2497
2013-12-19,2013-12-19,0.796,-0.3755
2013-12-20,2013-12-20,0.793,-0.3769
2013-12-23,2013-12-23,0.8,0.8827
2013-12-24,2013-12-24,0.81,1.25
2013-12-25,2013-12-25,0.82,1.2346
2013-12-26,2013-12-26,0.812,-0.9756
2013-12-27,2013-12-27,0.825,1.601
2013-12-30,2013-12-30,0.83,0.6061
2013-12-31,2013-12-31,0.834,0.4819
2014-01-02,2014-01-02,0.842,0.9592
2014-01-03,2014-01-03,0.838,-0.4751
2014-01-06,2014-01-06,0.818,-2.3866
2014-01-07,2014-01-07,0.83,1.467
2014-01-08,2014-01-08,0.84,1.2048
2014-01-09,2014-01-09,0.832,-0.9524
2014-01-10,2014-01-10,0.818,-1.6827
2014-01-13,2014-01-13,0.815,-0.3667
2014-01-14,2014-01-14,0.828,1.5951
2014-01-15,2014-01-15,0.841,1.57
2014-01-16,2014-01-16,0.833,-0.9512
2014-01-17,2014-01-17,0.823,-1.2005
2014-01-20,2014-01-20,0.808,-1.8226
2014-01-21,2014-01-21,0.816,0.9901
2014-01-22,2014-01-22,0.836,2.451
2014-01-23,2014-01-23,0.846,1.1962
2014-01-24,2014-01-24,0.857,1.3002
2014-01-27,2014-01-27,0.868,1.2835
2014-01-28,2014-01-28,0.87,0.2304
2014-01-29,2014-01-29,0.878,0.9195
2014-01-30,2014-01-30,0.871,-0.7973
2014-02-07,2014-02-07,0.883,1.3777
2014-02-10,2014-02-10,0.906,2.6048
2014-02-11,2014-02-11,0.899,-0.7726
2014-02-12,2014-02-12,0.905,0.6674
2014-02-13,2014-02-13,0.886,-2.0994
2014-02-14,2014-02-14,0.9,1.5801
2014-02-17,2014-02-17,0.914,1.5556
2014-02-18,2014-02-18,0.909,-0.547
2014-02-19,2014-02-19,0.903,-0.6601
2014-02-20,2014-02-20,0.896,-0.7752
2014-02-21,2014-02-21,0.905,1.0045
2014-02-24,2014-02-24,0.915,1.105
2014-02-25,2014-02-25,0.889,-2.8415
2014-02-26,2014-02-26,0.895,0.6749
2014-02-27,2014-02-27,0.873,-2.4581
2014-02-28,2014-02-28,0.882,1.0309
2014-03-03,2014-03-03,0.891,1.0204
2014-03-04,2014-03-04,0.881,-1.1223
2014-03-05,2014-03-05,0.871,-1.1351
2014-03-06,2014-03-06,0.864,-0.8037
2014-03-07,2014-03-07,0.86,-0.463
2014-03-10,2014-03-10,0.835,-2.907
2014-03-11,2014-03-11,0.84,0.5988
2014-03-12,2014-03-12,0.84,0.0
2014-03-13,2014-03-13,0.853,1.5476
2014-03-14,2014-03-14,0.849,-0.4689
2014-03-17,2014-03-17,0.862,1.5312
2014-03-18,2014-03-18,0.862,0.0
2014-03-19,2014-03-19,0.847,-1.7401
2014-03-20,2014-03-20,0.822,-2.9516
2014-03-21,2014-03-21,0.83,0.9732
2014-03-24,2014-03-24,0.827,-0.3614
2014-03-25,2014-03-25,0.828,0.1209
2014-03-26,2014-03-26,0.839,1.3285
2014-03-27,2014-03-27,0.822,-2.0262
2014-03-28,2014-03-28,0.805,-2.0681
2014-03-31,2014-03-31,0.805,0.0
2014-04-01,2014-04-01,0.811,0.7453
2014-04-02,2014-04-02,0.801,-1.233
2014-04-03,2014-04-03,0.797,-0.4994
2014-04-04,2014-04-04,0.809,1.5056
2014-04-08,2014-04-08,0.82,1.3597
2014-04-09,2014-04-09,0.827,0.8537
2014-04-10,2014-04-10,0.831,0.4837
2014-04-11,2014-04-11,0.826,-0.6017
2014-04-14,2014-04-14,0.828,0.2421
2014-04-15,2014-04-15,0.822,-0.7246
2014-04-16,2014-04-16,0.819,-0.365
2014-04-17,2014-04-17,0.821,0.2442
2014-04-18,2014-04-18,0.823,0.2436
2014-04-21,2014-04-21,0.82,-0.3645
2014-04-22,2014-04-22,0.814,-0.7317
2014-04-23,2014-04-23,0.805,-1.1057
2014-04-24,2014-04-24,0.798,-0.8696
2014-04-25,2014-04-25,0.788,-1.2531
2014-04-28,2014-04-28,0.767,-2.665
2014-04-29,2014-04-29,0.78,1.6949
2014-04-30,2014-04-30,0.791,1.4103
2014-05-05,2014-05-05,0.801,1.2642
2014-05-06,2014-05-06,0.807,0.7491
2014-05-07,2014-05-07,0.794,-1.6109
2014-05-08,2014-05-08,0.788,-0.7557
2014-05-09,2014-05-09,0.778,-1.269
2014-05-12,2014-05-12,0.788,1.2853
2014-05-13,2014-05-13,0.787,-0.1269
2014-05-14,2014-05-14,0.788,0.1271
2014-05-15,2014-05-15,0.776,-1.5228
2014-05-16,2014-05-16,0.767,-1.1598
2014-05-19,2014-05-19,0.762,-0.6519
2014-05-20,2014-05-20,0.764,0.2625
2014-05-21,2014-05-21,0.774,1.3089
2014-05-22,2014-05-22,0.781,0.9044
2014-05-23,2014-05-23,0.791,1.2804
2014-05-26,2014-05-26,0.802,1.3906
2014-05-27,2014-05-27,0.796,-0.7481
2014-05-28,2014-05-28,0.811,1.8844
2014-05-29,2014-05-29,0.804,-0.8631
2014-05-30,2014-05-30,0.803,-0.1244
2014-06-03,2014-06-03,0.803,0.0
2014-06-04,2014-06-04,0.797,-0.7472
2014-06-05,2014-06-05,0.807,1.2547
2014-06-06,2014-06-06,0.807,0.0
2014-06-09,2014-06-09,0.8,-0.8674
2014-06-10,2014-06-10,0.812,1.5
2014-06-11,2014-06-11,0.815,0.3695
2014-06-12,2014-06-12,0.816,0.1227
2014-06-13,2014-06-13,0.824,0.9804
2014-06-16,2014-06-16,0.824,0.0
2014-06-17,2014-06-17,0.815,-1.0922
2014-06-18,2014-06-18,0.811,-0.4908
2014-06-19,2014-06-19,0.798,-1.603
2014-06-20,2014-06-20,0.806,1.0025
2014-06-23,2014-06-23,0.816,1.2407
2014-06-24,2014-06-24,0.82,0.4902
2014-06-25,2014-06-25,0.816,-0.4878
2014-06-26,2014-06-26,0.824,0.9804
2014-06-27,2014-06-27,0.825,0.1214
2014-06-30,2014-06-30,0.838,1.5758
2014-07-01,2014-07-01,0.836,-0.2387
2014-07-02,2014-07-02,0.84,0.4785
2014-07-03,2014-07-03,0.838,-0.2381
2014-07-04,2014-07-04,0.833,-0.5967
2014-07-07,2014-07-07,0.823,-1.2005
2014-07-08,2014-07-08,0.825,0.243
2014-07-09,2014-07-09,0.81,-1.8182
2014-07-10,2014-07-10,0.798,-1.4815
2014-07-11,2014-07-11,0.796,-0.2506
2014-07-14,2014-07-14,0.805,1.1307
2014-07-15,2014-07-15,0.803,-0.2484
2014-07-16,2014-07-16,0.794,-1.1208
2014-07-17,2014-07-17,0.791,-0.3778
2014-07-18,2014-07-18,0.791,0.0
2014-07-21,2014-07-21,0.795,0.5057
2014-07-22,2014-07-22,0.803,1.0063
2014-07-23,2014-07-23,0.795,-0.9963
2014-07-24,2014-07-24,0.79,-0.6289
2014-07-25,2014-07-25,0.797,0.8861
2014-07-28,2014-07-28,0.809,1.5056
2014-07-29,2014-07-29,0.816,0.8653
2014-07-30,2014-07-30,0.82,0.4902
2014-07-31,2014-07-31,0.824,0.4878
2014-08-01,2014-08-01,0.82,-0.4854
2014-08-04,2014-08-04,0.826,0.7317
2014-08-05,2014-08-05,0.829,0.3632
2014-08-06,2014-08-06,0.83,0.1206
2014-08-07,2014-08-07,0.824,-0.7229
2014-08-08,2014-08-08,0.826,0.2427
2014-08-11,2014-08-11,0.838,1.4528
2014-08-12,2014-08-12,0.839,0.1193
2014-08-13,2014-08-13,0.837,-0.2384
2014-08-14,2014-08-14,0.833,-0.4779
2014-08-15,2014-08-15,0.841,0.9604
2014-08-18,2014-08-18,0.853,1.4269
2014-08-19,2014-08-19,0.855,0.2345
2014-08-20,2014-08-20,0.852,-0.3509
2014-08-21,2014-08-21,0.856,0.4695
2014-08-22,2014-08-22,0.861,0.5841
2014-08-25,2014-08-25,0.857,-0.4646
2014-08-26,2014-08-26,0.839,-2.1004
2014-08-27,2014-08-27,0.839,0.0
2014-08-28,2014-08-28,0.835,-0.4768
2014-08-29,2014-08-29,0.843,0.9581
2014-09-01,2014-09-01,0.858,1.7794
2014-09-02,2014-09-02,0.865,0.8159
2014-09-03,2014-09-03,0.869,0.4624
2014-09-04,2014-09-04,0.875,0.6904
2014-09-05,2014-09-05,0.879,0.4571
2014-09-09,2014-09-09,0.887,0.9101
2014-09-10,2014-09-10,0.888,0.1127
2014-09-11,2014-09-11,0.894,0.6757
2014-09-12,2014-09-12,0.904,1.1186
2014-09-15,2014-09-15,0.91,0.6637
2014-09-16,2014-09-16,0.882,-3.0769
2014-09-17,2014-09-17,0.887,0.5669
2014-09-18,2014-09-18,0.892,0.5637
2014-09-19,2014-09-19,0.902,1.1211
2014-09-22,2014-09-22,0.892,-1.1086
2014-09-23,2014-09-23,0.899,0.7848
2014-09-24,2014-09-24,0.906,0.7786
2014-09-25,2014-09-25,0.901,-0.5519
2014-09-26,2014-09-26,0.904,0.333
2014-09-29,2014-09-29,0.908,0.4425
2014-09-30,2014-09-30,0.916,0.8811
2014-10-08,2014-10-08,0.93,1.5284
2014-10-09,2014-10-09,0.936,0.6452
2014-10-10,2014-10-10,0.933,-0.3205
2014-10-13,2014-10-13,0.927,-0.6431
2014-10-14,2014-10-14,0.917,-1.0787
2014-10-15,2014-10-15,0.919,0.2181
2014-10-16,2014-10-16,0.91,-0.9793
2014-10-17,2014-10-17,0.901,-0.989
2014-10-20,2014-10-20,0.907,0.6659
2014-10-21,2014-10-21,0.901,-0.6615
2014-10-22,2014-10-22,0.89,-1.2209
2014-10-23,2014-10-23,0.879,-1.236
2014-10-24,2014-10-24,0.881,0.2275
2014-10-27,2014-10-27,0.887,0.681
2014-10-28,2014-10-28,0.903,1.8038
2014-10-29,2014-10-29,0.906,0.3322
2014-10-30,2014-10-30,0.902,-0.4415
2014-10-31,2014-10-31,0.892,-1.1086
2014-11-03,2014-11-03,0.893,0.1121
2014-11-04,2014-11-04,0.886,-0.7839
2014-11-05,2014-11-05,0.882,-0.4515
2014-11-06,2014-11-06,0.891,1.0204
2014-11-07,2014-11-07,0.885,-0.6734
2014-11-10,2014-11-10,0.887,0.226
2014-11-11,2014-11-11,0.872,-1.6911
2014-11-12,2014-11-12,0.879,0.8028
2014-11-13,2014-11-13,0.865,-1.5927
2014-11-14,2014-11-14,0.866,0.1156
2014-11-17,2014-11-17,0.871,0.5774
2014-11-18,2014-11-18,0.866,-0.5741
2014-11-19,2014-11-19,0.867,0.1155
2014-11-20,2014-11-20,0.859,-0.9227
2014-11-21,2014-11-21,0.863,0.4657
2014-11-24,2014-11-24,0.869,0.6952
2014-11-25,2014-11-25,0.881,1.3809
2014-11-26,2014-11-26,0.883,0.227
2014-11-27,2014-11-27,0.893,1.1325
2014-11-28,2014-11-28,0.897,0.4479
2014-12-01,2014-12-01,0.89,-0.7804
2014-12-02,2014-12-02,0.914,2.6966
2014-12-03,2014-12-03,0.917,0.3282
2014-12-04,2014-12-04,0.95,3.5987
2014-12-05,2014-12-05,0.952,0.2105
2014-12-08,2014-12-08,0.975,2.416
2014-12-09,2014-12-09,0.929,-4.7179
2014-12-10,2014-12-10,0.949,2.1529
2014-12-11,2014-12-11,0.945,-0.4215
2014-12-12,2014-12-12,0.951,0.6349
2014-12-15,2014-12-15,0.965,1.4721
2014-12-16,2014-12-16,0.97,0.5181
2014-12-17,2014-12-17,0.971,0.1031
2014-12-18,2014-12-18,0.96,-1.1329
2014-12-19,2014-12-19,0.956,-0.4167
2014-12-22,2014-12-22,0.942,-1.4644
2014-12-23,2014-12-23,0.915,-2.8662
2014-12-24,2014-12-24,0.897,-1.9672
2014-12-25,2014-12-25,0.916,2.1182
2014-12-26,2014-12-26,0.933,1.8559
2014-12-29,2014-12-29,0.945,1.2862
2014-12-30,2014-12-30,0.943,-0.2116
2014-12-31,2014-12-31,0.957,1.4846
2015-01-05,2015-01-05,0.978,2.1944
2015-01-06,2015-01-06,0.976,-0.2045
2015-01-07,2015-01-07,0.979,0.3074
2015-01-08,2015-01-08,0.968,-1.1236
2015-01-09,2015-01-09,0.946,-2.2727
2015-01-12,2015-01-12,0.94,-0.6342
2015-01-13,2015-01-13,0.946,0.6383
2015-01-14,2015-01-14,0.936,-1.0571
2015-01-15,2015-01-15,0.947,1.1752
2015-01-16,2015-01-16,0.951,0.4224
2015-01-19,2015-01-19,0.906,-4.7319
2015-01-20,2015-01-20,0.936,3.3113
2015-01-21,2015-01-21,0.948,1.2821
2015-01-22,2015-01-22,0.977,3.0591
2015-01-23,2015-01-23,0.962,-1.5353
2015-01-26,2015-01-26,0.977,1.5593
2015-01-27,2015-01-27,0.98,0.3071
2015-01-28,2015-01-28,0.972,-0.8163
2015-01-29,2015-01-29,0.965,-0.7202
2015-01-30,2015-01-30,0.949,-1.658
2015-02-02,2015-02-02,0.947,-0.2107
2015-02-03,2015-02-03,0.971,2.5343
2015-02-04,2015-02-04,0.971,0.0
2015-02-05,2015-02-05,0.974,0.309
2015-02-06,2015-02-06,0.947,-2.7721
2015-02-09,2015-02-09,0.925,-2.3231
2015-02-10,2015-02-10,0.94,1.6216
2015-02-11,2015-02-11,0.958,1.9149
2015-02-12,2015-02-12,0.965,0.7307
2015-02-13,2015-02-13,0.979,1.4508
2015-02-16,2015-02-16,1.013,3.4729
2015-02-17,2015-02-17,1.016,0.2962
2015-02-25,2015-02-25,1.006,-0.9843
2015-02-26,2015-02-26,0.999,-0.6958
2015-02-27,2015-02-27,1.019,2.002
2015-03-02,2015-03-02,1.04,2.0608
2015-03-03,2015-03-03,1.022,-1.7308
2015-03-04,2015-03-04,1.042,1.9569
2015-03-05,2015-03-05,1.039,-0.2879
2015-03-06,2015-03-06,1.006,-3.1761
2015-03-09,2015-03-09,1.023,1.6899
2015-03-10,2015-03-10,1.041,1.7595
2015-03-11,2015-03-11,1.034,-0.6724
2015-03-12,2015-03-12,1.032,-0.1934
2015-03-13,2015-03-13,1.046,1.3566
2015-03-16,2015-03-16,1.065,1.8164
2015-03-17,2015-03-17,1.061,-0.3756
2015-03-18,2015-03-18,1.071,0.9425
2015-03-19,2015-03-19,1.076,0.4669
2015-03-20,2015-03-20,1.074,-0.1859
2015-03-23,2015-03-23,1.1,2.4209
2015-03-24,2015-03-24,1.105,0.4545
2015-03-25,2015-03-25,1.113,0.724
2015-03-26,2015-03-26,1.09,-2.0665
2015-03-27,2015-03-27,1.088,-0.1835
2015-03-30,2015-03-30,1.107,1.7463
2015-03-31,2015-03-31,1.093,-1.2647
2015-04-01,2015-04-01,1.116,2.1043
2015-04-02,2015-04-02,1.134,1.6129
2015-04-03,2015-04-03,1.151,1.4991
2015-04-07,2015-04-07,1.163,1.0426
2015-04-08,2015-04-08,1.137,-2.2356
2015-04-09,2015-04-09,1.103,-2.9903
2015-04-10,2015-04-10,1.127,2.1759
2015-04-13,2015-04-13,1.15,2.0408
2015-04-14,2015-04-14,1.159,0.7826
2015-04-15,2015-04-15,1.13,-2.5022
2015-04-16,2015-04-16,1.167,3.2743
2015-04-17,2015-04-17,1.197,2.5707
2015-04-20,2015-04-20,1.204,0.5848
2015-04-21,2015-04-21,1.234,2.4917
2015-04-22,2015-04-22,1.269,2.8363
2015-04-23,2015-04-23,1.279,0.788
2015-04-24,2015-04-24,1.256,-1.7983
2015-04-27,2015-04-27,1.297,3.2643
2015-04-28,2015-04-28,1.269,-2.1588
2015-04-29,2015-04-29,1.262,-0.5516
2015-04-30,2015-04-30,1.259,-0.2377
2015-05-04,2015-05-04,1.305,3.6537
2015-05-05,2015-05-05,1.285,-1.5326
2015-05-06,2015-05-06,1.267,-1.4008
2015-05-07,2015-05-07,1.211,-4.4199
2015-05-08,2015-05-08,1.231,1.6515
2015-05-11,2015-05-11,1.273,3.4119
2015-05-12,2015-05-12,1.336,4.9489
2015-05-13,2015-05-13,1.323,-0.9731
2015-05-14,2015-05-14,1.312,-0.8314
2015-05-15,2015-05-15,1.353,3.125
2015-05-18,2015-05-18,1.379,1.9217
2015-05-19,2015-05-19,1.387,0.5801
2015-05-20,2015-05-20,1.406,1.3699
2015-05-21,2015-05-21,1.456,3.5562
2015-05-22,2015-05-22,1.474,1.2363
2015-05-25,2015-05-25,1.565,6.1737
2015-05-26,2015-05-26,1.667,6.5176
2015-05-27,2015-05-27,1.695,1.6797
2015-05-28,2015-05-28,1.568,-7.4926
2015-05-29,2015-05-29,1.588,1.2755
2015-06-01,2015-06-01,1.655,4.2191
2015-06-02,2015-06-02,1.705,3.0211
2015-06-03,2015-06-03,1.697,-0.4692
2015-06-04,2015-06-04,1.688,-0.5303
2015-06-05,2015-06-05,1.706,1.0664
2015-06-08,2015-06-08,1.695,-0.6448
2015-06-09,2015-06-09,1.692,-0.177
2015-06-10,2015-06-10,1.704,0.7092
2015-06-11,2015-06-11,1.729,1.4671
2015-06-12,2015-06-12,1.743,0.8097
2015-06-15,2015-06-15,1.705,-2.1801
2015-06-16,2015-06-16,1.625,-4.6921
2015-06-17,2015-06-17,1.628,0.1846
2015-06-18,2015-06-18,1.566,-3.8084
2015-06-19,2015-06-19,1.461,-6.705
2015-06-23,2015-06-23,1.498,2.5325
2015-06-24,2015-06-24,1.528,2.0027
2015-06-25,2015-06-25,1.471,-3.7304
2015-06-26,2015-06-26,1.389,-5.5744
2015-06-29,2015-06-29,1.376,-0.9359
2015-06-30,2015-06-30,1.392,1.1628
2015-07-01,2015-07-01,1.332,-4.3103
2015-07-02,2015-07-02,1.279,-3.979
2015-07-03,2015-07-03,1.216,-4.9257
2015-07-06,2015-07-06,1.212,-0.3289
2015-07-07,2015-07-07,1.173,-3.2178
2015-07-08,2015-07-08,1.125,-4.0921
2015-07-09,2015-07-09,1.173,4.2667
2015-07-10,2015-07-10,1.223,4.2626
2015-07-13,2015-07-13,1.256,2.6983
2015-07-14,2015-07-14,1.257,0.0796
2015-07-15,2015-07-15,1.204,-4.2164
2015-07-16,2015-07-16,1.231,2.2425
2015-07-17,2015-07-17,1.292,4.9553
2015-07-20,2015-07-20,1.347,4.257
2015-07-21,2015-07-21,1.353,0.4454
2015-07-22,2015-07-22,1.376,1.6999
2015-07-23,2015-07-23,1.402,1.8895
2015-07-24,2015-07-24,1.377,-1.7832
2015-07-27,2015-07-27,1.298,-5.7371
2015-07-28,2015-07-28,1.285,-1.0015
2015-07-29,2015-07-29,1.34,4.2802
2015-07-30,2015-07-30,1.316,-1.791
2015-07-31,2015-07-31,1.301,-1.1398
2015-08-03,2015-08-03,1.298,-0.2306
2015-08-04,2015-08-04,1.323,1.926
2015-08-05,2015-08-05,1.296,-2.0408
2015-08-06,2015-08-06,1.276,-1.5432
2015-08-07,2015-08-07,1.295,1.489
2015-08-10,2015-08-10,1.349,4.1699
2015-08-11,2015-08-11,1.336,-0.9637
2015-08-12,2015-08-12,1.318,-1.3473
2015-08-13,2015-08-13,1.342,1.8209
2015-08-14,2015-08-14,1.348,0.4471
2015-08-17,2015-08-17,1.358,0.7418
2015-08-18,2015-08-18,1.279,-5.8174
2015-08-19,2015-08-19,1.289,0.7819
2015-08-20,2015-08-20,1.258,-2.405
2015-08-21,2015-08-21,1.224,-2.7027
2015-08-24,2015-08-24,1.146,-6.3725
2015-08-25,2015-08-25,1.087,-5.1483
2015-08-26,2015-08-26,1.084,-0.276
2015-08-27,2015-08-27,1.114,2.7675
2015-08-28,2015-08-28,1.166,4.6679
2015-08-31,2015-08-31,1.131,-3.0017
2015-09-01,2015-09-01,1.091,-3.5367
2015-09-02,2015-09-02,1.105,1.2832
2015-09-07,2015-09-07,1.064,-3.7104
2015-09-08,2015-09-08,1.084,1.8797
2015-09-09,2015-09-09,1.097,1.1993
2015-09-10,2015-09-10,1.078,-1.732
2015-09-11,2015-09-11,1.089,1.0204
2015-09-14,2015-09-14,1.041,-4.4077
2015-09-15,2015-09-15,1.017,-2.3055
2015-09-16,2015-09-16,1.051,3.3432
2015-09-17,2015-09-17,1.007,-4.1865
2015-09-18,2015-09-18,1.017,0.993
2015-09-21,2015-09-21,1.051,3.3432
2015-09-22,2015-09-22,1.032,-1.8078
2015-09-23,2015-09-23,1.019,-1.2597
2015-09-24,2015-09-24,1.023,0.3925
2015-09-25,2015-09-25,1.007,-1.564
2015-09-28,2015-09-28,1.008,0.0993
2015-09-29,2015-09-29,0.997,-1.0913
2015-09-30,2015-09-30,0.995,-0.2006
2015-10-08,2015-10-08,1.011,1.608
2015-10-09,2015-10-09,1.019,0.7913
2015-10-12,2015-10-12,1.055,3.5329
2015-10-13,2015-10-13,1.068,1.2322
2015-10-14,2015-10-14,1.04,-2.6217
2015-10-15,2015-10-15,1.077,3.5577
2015-10-16,2015-10-16,1.096,1.7642
2015-10-19,2015-10-19,1.088,-0.7299
2015-10-20,2015-10-20,1.099,1.011
2015-10-21,2015-10-21,1.039,-5.4595
2015-10-22,2015-10-22,1.036,-0.2887
2015-10-23,2015-10-23,1.034,-0.1931
2015-10-26,2015-10-26,1.017,-1.6441
2015-10-27,2015-10-27,0.991,-2.5565
2015-10-28,2015-10-28,0.977,-1.4127
2015-10-29,2015-10-29,0.967,-1.0235
2015-10-30,2015-10-30,0.956,-1.1375
2015-11-02,2015-11-02,0.928,-2.9289
2015-11-03,2015-11-03,0.925,-0.3233
2015-11-04,2015-11-04,0.96,3.7838
2015-11-05,2015-11-05,0.958,-0.2083
2015-11-06,2015-11-06,0.983,2.6096
2015-11-09,2015-11-09,0.991,0.8138
2015-11-10,2015-11-10,0.998,0.7064
2015-11-11,2015-11-11,1.01,1.2024
2015-11-12,2015-11-12,1.015,0.495
2015-11-13,2015-11-13,0.98,-3.4483
2015-11-16,2015-11-16,0.998,1.8367
2015-11-17,2015-11-17,0.989,-0.9018
2015-11-18,2015-11-18,0.969,-2.0222
2015-11-19,2015-11-19,0.992,2.3736
2015-11-20,2015-11-20,0.999,0.7056
2015-11-23,2015-11-23,0.985,-1.4014
2015-11-24,2015-11-24,0.988,0.3046
2015-11-25,2015-11-25,0.992,0.4049
2015-11-26,2015-11-26,0.983,-0.9073
2015-11-27,2015-11-27,0.931,-5.2899
2015-11-30,2015-11-30,0.938,0.7519
2015-12-01,2015-12-01,0.926,-1.2793
2015-12-02,2015-12-02,0.928,0.216
2015-12-03,2015-12-03,0.94,1.2931
2015-12-04,2015-12-04,0.921,-2.0213
2015-12-07,2015-12-07,0.925,0.4343
2015-12-08,2015-12-08,0.918,-0.7568
2015-12-09,2015-12-09,0.926,0.8715
2015-12-10,2015-12-10,0.92,-0.6479
2015-12-11,2015-12-11,0.916,-0.4348
2015-12-14,2015-12-14,0.921,0.5459
2015-12-15,2015-12-15,0.921,0.0
2015-12-16,2015-12-16,0.91,-1.1944
2015-12-17,2015-12-17,0.93,2.1978
2015-12-18,2015-12-18,0.927,-0.3226
2015-12-21,2015-12-21,0.976,5.2859
2015-12-22,2015-12-22,0.984,0.8197
2015-12-23,2015-12-23,0.994,1.0163
2015-12-24,2015-12-24,0.948,-4.6278
2015-12-25,2015-12-25,0.948,0.0
2015-12-28,2015-12-28,0.922,-2.7426
2015-12-29,2015-12-29,0.919,-0.3254
2015-12-30,2015-12-30,0.922,0.3264
2015-12-31,2015-12-31,0.912,-1.0846
2016-01-04,2016-01-04,0.864,-5.2632
2016-01-05,2016-01-05,0.874,1.1574
2016-01-06,2016-01-06,0.886,1.373
2016-01-07,2016-01-07,0.846,-4.5147
2016-01-08,2016-01-08,0.862,1.8913
2016-01-11,2016-01-11,0.834,-3.2483
2016-01-12,2016-01-12,0.827,-0.8393
2016-01-13,2016-01-13,0.818,-1.0883
2016-01-14,2016-01-14,0.828,1.2225
2016-01-15,2016-01-15,0.81,-2.1739
2016-01-18,2016-01-18,0.809,-0.1235
2016-01-19,2016-01-19,0.827,2.225
2016-01-20,2016-01-20,0.823,-0.4837
2016-01-21,2016-01-21,0.808,-1.8226
2016-01-22,2016-01-22,0.812,0.495
2016-01-25,2016-01-25,0.817,0.6158
2016-01-26,2016-01-26,0.791,-3.1824
2016-01-27,2016-01-27,0.793,0.2528
2016-01-28,2016-01-28,0.773,-2.5221
2016-01-29,2016-01-29,0.784,1.423
2016-02-01,2016-02-01,0.779,-0.6378
2016-02-02,2016-02-02,0.785,0.7702
2016-02-03,2016-02-03,0.783,-0.2548
2016-02-04,2016-02-04,0.786,0.3831
2016-02-05,2016-02-05,0.784,-0.2545
2016-02-15,2016-02-15,0.786,0.2551
2016-02-16,2016-02-16,0.809,2.9262
2016-02-17,2016-02-17,0.809,0.0
2016-02-18,2016-02-18,0.806,-0.3708
2016-02-19,2016-02-19,0.807,0.1241
2016-02-22,2016-02-22,0.819,1.487
2016-02-23,2016-02-23,0.815,-0.4884
2016-02-24,2016-02-24,0.82,0.6135
2016-02-25,2016-02-25,0.792,-3.4146
2016-02-26,2016-02-26,0.799,0.8838
2016-02-29,2016-02-29,0.797,-0.2503
2016-03-01,2016-03-01,0.801,0.5019
2016-03-02,2016-03-02,0.813,1.4981
2016-03-03,2016-03-03,0.815,0.246
2016-03-04,2016-03-04,0.827,1.4724
2016-03-07,2016-03-07,0.828,0.1209
2016-03-08,2016-03-08,0.827,-0.1208
2016-03-09,2016-03-09,0.823,-0.4837
2016-03-10,2016-03-10,0.811,-1.4581
2016-03-11,2016-03-11,0.813,0.2466
2016-03-14,2016-03-14,0.815,0.246
2016-03-15,2016-03-15,0.817,0.2454
2016-03-16,2016-03-16,0.821,0.4896
2016-03-17,2016-03-17,0.823,0.2436
2016-03-18,2016-03-18,0.829,0.729
2016-03-21,2016-03-21,0.837,0.965
2016-03-22,2016-03-22,0.834,-0.3584
2016-03-23,2016-03-23,0.836,0.2398
2016-03-24,2016-03-24,0.825,-1.3158
2016-03-25,2016-03-25,0.83,0.6061
2016-03-28,2016-03-28,0.822,-0.9639
2016-03-29,2016-03-29,0.806,-1.9465
2016-03-30,2016-03-30,0.819,1.6129
2016-03-31,2016-03-31,0.823,0.4884
2016-04-01,2016-04-01,0.819,-0.486
2016-04-05,2016-04-05,0.83,1.3431
2016-04-06,2016-04-06,0.831,0.1205
2016-04-07,2016-04-07,0.819,-1.444
2016-04-08,2016-04-08,0.81,-1.0989
2016-04-11,2016-04-11,0.816,0.7407
2016-04-12,2016-04-12,0.813,-0.3676
2016-04-13,2016-04-13,0.819,0.738
2016-04-14,2016-04-14,0.822,0.3663
2016-04-15,2016-04-15,0.821,-0.1217
2016-04-18,2016-04-18,0.817,-0.4872
2016-04-19,2016-04-19,0.814,-0.3672
2016-04-20,2016-04-20,0.804,-1.2285
2016-04-21,2016-04-21,0.8,-0.4975
2016-04-22,2016-04-22,0.802,0.25
2016-04-25,2016-04-25,0.802,0.0
2016-04-26,2016-04-26,0.806,0.4988
2016-04-27,2016-04-27,0.805,-0.1241
2016-04-28,2016-04-28,0.803,-0.2484
2016-04-29,2016-04-29,0.8,-0.3736
2016-05-03,2016-05-03,0.81,1.25
2016-05-04,2016-05-04,0.812,0.2469
2016-05-05,2016-05-05,0.813,0.1232
2016-05-06,2016-05-06,0.8,-1.599
2016-05-09,2016-05-09,0.785,-1.875
2016-05-10,2016-05-10,0.785,0.0
2016-05-11,2016-05-11,0.787,0.2548
2016-05-12,2016-05-12,0.786,-0.1271
2016-05-13,2016-05-13,0.785,-0.1272
2016-05-16,2016-05-16,0.789,0.5096
2016-05-17,2016-05-17,0.789,0.0
2016-05-18,2016-05-18,0.784,-0.6337
2016-05-19,2016-05-19,0.783,-0.1276
2016-05-20,2016-05-20,0.785,0.2554
2016-05-23,2016-05-23,0.786,0.1274
2016-05-24,2016-05-24,0.782,-0.5089
2016-05-25,2016-05-25,0.782,0.0
2016-05-26,2016-05-26,0.782,0.0
2016-05-27,2016-05-27,0.782,0.0
2016-05-30,2016-05-30,0.782,0.0
2016-05-31,2016-05-31,0.794,1.5345
2016-06-01,2016-06-01,0.793,-0.1259
2016-06-02,2016-06-02,0.793,0.0
2016-06-03,2016-06-03,0.796,0.3783
2016-06-06,2016-06-06,0.795,-0.1256
2016-06-07,2016-06-07,0.794,-0.1258
2016-06-08,2016-06-08,0.797,0.3778
2016-06-13,2016-06-13,0.784,-1.6311
2016-06-14,2016-06-14,0.785,0.1276
2016-06-15,2016-06-15,0.794,1.1465
2016-06-16,2016-06-16,0.794,0.0
2016-06-17,2016-06-17,0.796,0.2519
2016-06-20,2016-06-20,0.798,0.2513
2016-06-21,2016-06-21,0.794,-0.5013
2016-06-22,2016-06-22,0.802,1.0076
2016-06-23,2016-06-23,0.802,0.0
2016-06-24,2016-06-24,0.794,-0.9975
2016-06-27,2016-06-27,0.802,1.0076
2016-06-28,2016-06-28,0.808,0.7481
2016-06-29,2016-06-29,0.809,0.1238
2016-06-30,2016-06-30,0.81,0.1236
2016-07-01,2016-07-01,0.813,0.3704
2016-07-04,2016-07-04,0.83,2.091
2016-07-05,2016-07-05,0.835,0.6024
2016-07-06,2016-07-06,0.839,0.479
2016-07-07,2016-07-07,0.839,0.0
2016-07-08,2016-07-08,0.834,-0.5959
2016-07-11,2016-07-11,0.836,0.2398
2016-07-12,2016-07-12,0.849,1.555
2016-07-13,2016-07-13,0.852,0.3534
2016-07-14,2016-07-14,0.849,-0.3521
2016-07-15,2016-07-15,0.845,-0.4711
2016-07-18,2016-07-18,0.841,-0.4734
2016-07-19,2016-07-19,0.841,0.0
2016-07-20,2016-07-20,0.839,-0.2378
2016-07-21,2016-07-21,0.839,0.0
2016-07-22,2016-07-22,0.835,-0.4768
2016-07-25,2016-07-25,0.837,0.2395
2016-07-26,2016-07-26,0.841,0.4779
2016-07-27,2016-07-27,0.83,-1.308
2016-07-28,2016-07-28,0.828,-0.241
2016-07-29,2016-07-29,0.828,0.0
2016-08-01,2016-08-01,0.824,-0.4831
2016-08-02,2016-08-02,0.825,0.1214
2016-08-03,2016-08-03,0.824,-0.1212
2016-08-04,2016-08-04,0.825,0.1214
2016-08-05,2016-08-05,0.826,0.1212
2016-08-08,2016-08-08,0.831,0.6053
2016-08-09,2016-08-09,0.835,0.4813
2016-08-10,2016-08-10,0.834,-0.1198
2016-08-11,2016-08-11,0.833,-0.1199
2016-08-12,2016-08-12,0.842,1.0804
2016-08-15,2016-08-15,0.856,1.6627
2016-08-16,2016-08-16,0.855,-0.1168
2016-08-17,2016-08-17,0.853,-0.2339
2016-08-18,2016-08-18,0.854,0.1172
2016-08-19,2016-08-19,0.858,0.4684
2016-08-22,2016-08-22,0.852,-0.6993
2016-08-23,2016-08-23,0.852,0.0
2016-08-24,2016-08-24,0.852,0.0
2016-08-25,2016-08-25,0.847,-0.5869
2016-08-26,2016-08-26,0.848,0.1181
2016-08-29,2016-08-29,0.848,0.0
2016-08-30,2016-08-30,0.851,0.3538
2016-08-31,2016-08-31,0.853,0.235
2016-09-01,2016-09-01,0.85,-0.3517
2016-09-02,2016-09-02,0.853,0.3529
2016-09-05,2016-09-05,0.852,-0.1172
2016-09-06,2016-09-06,0.857,0.5869
2016-09-07,2016-09-07,0.857,0.0
2016-09-08,2016-09-08,0.858,0.1167
2016-09-09,2016-09-09,0.855,-0.3497
2016-09-12,2016-09-12,0.842,-1.5205
2016-09-13,2016-09-13,0.842,0.0
2016-09-14,2016-09-14,0.839,-0.3563
2016-09-19,2016-09-19,0.842,0.3576
2016-09-20,2016-09-20,0.841,-0.1188
2016-09-21,2016-09-21,0.842,0.1189
2016-09-22,2016-09-22,0.844,0.2375
2016-09-23,2016-09-23,0.842,-0.237
2016-09-26,2016-09-26,0.833,-1.0689
2016-09-27,2016-09-27,0.837,0.4802
2016-09-28,2016-09-28,0.836,-0.1195
2016-09-29,2016-09-29,0.838,0.2392
2016-09-30,2016-09-30,0.839,0.1193
2016-10-10,2016-10-10,0.848,1.0727
2016-10-11,2016-10-11,0.848,0.0
2016-10-12,2016-10-12,0.846,-0.2358
2016-10-13,2016-10-13,0.848,0.2364
2016-10-14,2016-10-14,0.851,0.3538
2016-10-17,2016-10-17,0.848,-0.3525
2016-10-18,2016-10-18,0.859,1.2972
2016-10-19,2016-10-19,0.859,0.0
2016-10-20,2016-10-20,0.859,0.0
2016-10-21,2016-10-21,0.861,0.2328
2016-10-24,2016-10-24,0.867,0.6969
2016-10-25,2016-10-25,0.866,-0.1153
2016-10-26,2016-10-26,0.861,-0.5774
2016-10-27,2016-10-27,0.862,0.1161
2016-10-28,2016-10-28,0.858,-0.464
2016-10-31,2016-10-31,0.855,-0.3497
2016-11-01,2016-11-01,0.858,0.3509
2016-11-02,2016-11-02,0.853,-0.5828
2016-11-03,2016-11-03,0.861,0.9379
2016-11-04,2016-11-04,0.858,-0.3484
2016-11-07,2016-11-07,0.86,0.2331
2016-11-08,2016-11-08,0.865,0.5814
2016-11-09,2016-11-09,0.862,-0.3468
2016-11-10,2016-11-10,0.87,0.9281
2016-11-11,2016-11-11,0.88,1.1494
2016-11-14,2016-11-14,0.889,1.0227
2016-11-15,2016-11-15,0.888,-0.1125
2016-11-16,2016-11-16,0.887,-0.1126
2016-11-17,2016-11-17,0.887,0.0
2016-11-18,2016-11-18,0.884,-0.3382
2016-11-21,2016-11-21,0.889,0.5656
2016-11-22,2016-11-22,0.897,0.8999
2016-11-23,2016-11-23,0.895,-0.223
2016-11-24,2016-11-24,0.892,-0.3352
2016-11-25,2016-11-25,0.9,0.8969
2016-11-28,2016-11-28,0.908,0.8889
2016-11-29,2016-11-29,0.91,0.2203
2016-11-30,2016-11-30,0.906,-0.4396
2016-12-01,2016-12-01,0.913,0.7726
2016-12-02,2016-12-02,0.903,-1.0953
2016-12-05,2016-12-05,0.892,-1.2182
2016-12-06,2016-12-06,0.886,-0.6726
2016-12-07,2016-12-07,0.891,0.5643
2016-12-08,2016-12-08,0.883,-0.8979
2016-12-09,2016-12-09,0.885,0.2265
2016-12-12,2016-12-12,0.852,-3.7288
2016-12-13,2016-12-13,0.85,-0.2347
2016-12-14,2016-12-14,0.845,-0.5882
2016-12-15,2016-12-15,0.853,0.9467
2016-12-16,2016-12-16,0.858,0.5862
2016-12-19,2016-12-19,0.854,-0.4662
2016-12-20,2016-12-20,0.853,-0.1171
2016-12-21,2016-12-21,0.862,1.0551
2016-12-22,2016-12-22,0.865,0.348
2016-12-23,2016-12-23,0.86,-0.578
2016-12-26,2016-12-26,0.86,0.0
2016-12-27,2016-12-27,0.858,-0.2326
2016-12-28,2016-12-28,0.854,-0.4662
2016-12-29,2016-12-29,0.854,0.0
2016-12-30,2016-12-30,0.854,0.0
2016-12-31,2016-12-31,0.854,0.0
2017-01-03,2017-01-03,0.858,0.4684
2017-01-04,2017-01-04,0.862,0.4662
2017-01-05,2017-01-05,0.862,0.0
2017-01-06,2017-01-06,0.858,-0.464
2017-01-09,2017-01-09,0.863,0.5828
2017-01-10,2017-01-10,0.86,-0.3476
2017-01-11,2017-01-11,0.858,-0.2326
2017-01-12,2017-01-12,0.853,-0.5828
2017-01-13,2017-01-13,0.847,-0.7034
2017-01-16,2017-01-16,0.836,-1.2987
2017-01-17,2017-01-17,0.839,0.3589
2017-01-18,2017-01-18,0.838,-0.1192
2017-01-19,2017-01-19,0.838,0.0
2017-01-20,2017-01-20,0.843,0.5967
2017-01-23,2017-01-23,0.846,0.3559
2017-01-24,2017-01-24,0.844,-0.2364
2017-01-25,2017-01-25,0.841,-0.3555
2017-01-26,2017-01-26,0.844,0.3567
2017-02-03,2017-02-03,0.841,-0.3555
2017-02-06,2017-02-06,0.845,0.4756
2017-02-07,2017-02-07,0.844,-0.1183
2017-02-08,2017-02-08,0.849,0.5924
2017-02-09,2017-02-09,0.852,0.3534
2017-02-10,2017-02-10,0.854,0.2347
2017-02-13,2017-02-13,0.86,0.7026
2017-02-14,2017-02-14,0.86,0.0
2017-02-15,2017-02-15,0.855,-0.5814
2017-02-16,2017-02-16,0.858,0.3509
2017-02-17,2017-02-17,0.852,-0.6993
2017-02-20,2017-02-20,0.861,1.0563
2017-02-21,2017-02-21,0.864,0.3484
2017-02-22,2017-02-22,0.864,0.0
2017-02-23,2017-02-23,0.862,-0.2315
2017-02-24,2017-02-24,0.864,0.232
2017-02-27,2017-02-27,0.859,-0.5787
2017-02-28,2017-02-28,0.863,0.4657
2017-03-01,2017-03-01,0.867,0.4635
2017-03-02,2017-03-02,0.863,-0.4614
2017-03-03,2017-03-03,0.861,-0.2317
2017-03-06,2017-03-06,0.865,0.4646
2017-03-07,2017-03-07,0.864,-0.1156
2017-03-08,2017-03-08,0.864,0.0
2017-03-09,2017-03-09,0.863,-0.1157
2017-03-10,2017-03-10,0.862,-0.1159
2017-03-13,2017-03-13,0.862,0.0
2017-03-14,2017-03-14,0.862,0.0
2017-03-15,2017-03-15,0.861,-0.116
2017-03-16,2017-03-16,0.864,0.3484
2017-03-17,2017-03-17,0.86,-0.463
2017-03-20,2017-03-20,0.861,0.1163
2017-03-21,2017-03-21,0.86,-0.1161
2017-03-22,2017-03-22,0.857,-0.3488
2017-03-23,2017-03-23,0.86,0.3501
2017-03-24,2017-03-24,0.865,0.5814
2017-03-27,2017-03-27,0.862,-0.3468
2017-03-28,2017-03-28,0.861,-0.116
2017-03-29,2017-03-29,0.86,-0.1161
2017-03-30,2017-03-30,0.85,-1.1628
2017-03-31,2017-03-31,0.848,-0.2353
2017-04-05,2017-04-05,0.858,1.1792
2017-04-06,2017-04-06,0.861,0.3497
2017-04-07,2017-04-07,0.861,0.0
2017-04-10,2017-04-10,0.861,0.0
2017-04-11,2017-04-11,0.864,0.3484
2017-04-12,2017-04-12,0.863,-0.1157
2017-04-13,2017-04-13,0.863,0.0
2017-04-14,2017-04-14,0.856,-0.8111
2017-04-17,2017-04-17,0.855,-0.1168
2017-04-18,2017-04-18,0.851,-0.4678
2017-04-19,2017-04-19,0.845,-0.7051
2017-04-20,2017-04-20,0.846,0.1183
2017-04-21,2017-04-21,0.847,0.1182
2017-04-24,2017-04-24,0.839,-0.9445
2017-04-25,2017-04-25,0.838,-0.1192
2017-04-26,2017-04-26,0.838,0.0
2017-04-27,2017-04-27,0.84,0.2387
2017-04-28,2017-04-28,0.838,-0.2381
2017-05-02,2017-05-02,0.835,-0.358
2017-05-03,2017-05-03,0.831,-0.479
2017-05-04,2017-05-04,0.829,-0.2407
2017-05-05,2017-05-05,0.822,-0.8444
2017-05-08,2017-05-08,0.817,-0.6083
2017-05-09,2017-05-09,0.819,0.2448
2017-05-10,2017-05-10,0.813,-0.7326
2017-05-11,2017-05-11,0.814,0.123
2017-05-12,2017-05-12,0.819,0.6143
2017-05-15,2017-05-15,0.82,0.1221
2017-05-16,2017-05-16,0.825,0.6098
2017-05-17,2017-05-17,0.824,-0.1212
2017-05-18,2017-05-18,0.824,0.0
2017-05-19,2017-05-19,0.823,-0.1214
2017-05-22,2017-05-22,0.822,-0.1215
2017-05-23,2017-05-23,0.82,-0.2433
2017-05-24,2017-05-24,0.82,0.0
2017-05-25,2017-05-25,0.831,1.3415
2017-05-26,2017-05-26,0.83,-0.1203
2017-05-31,2017-05-31,0.831,0.1205
2017-06-01,2017-06-01,0.827,-0.4813
2017-06-02,2017-06-02,0.828,0.1209
2017-06-05,2017-06-05,0.828,0.0
2017-06-06,2017-06-06,0.831,0.3623
2017-06-07,2017-06-07,0.839,0.9627
2017-06-08,2017-06-08,0.84,0.1192
2017-06-09,2017-06-09,0.842,0.2381
2017-06-12,2017-06-12,0.837,-0.5938
2017-06-13,2017-06-13,0.841,0.4779
2017-06-14,2017-06-14,0.84,-0.1189
2017-06-15,2017-06-15,0.842,0.2381
2017-06-16,2017-06-16,0.842,0.0
2017-06-19,2017-06-19,0.847,0.5938
2017-06-20,2017-06-20,0.847,0.0
2017-06-21,2017-06-21,0.85,0.3542
2017-06-22,2017-06-22,0.846,-0.4706
2017-06-23,2017-06-23,0.848,0.2364
2017-06-26,2017-06-26,0.857,1.0613
2017-06-27,2017-06-27,0.857,0.0
2017-06-28,2017-06-28,0.856,-0.1167
2017-06-29,2017-06-29,0.858,0.2336
2017-06-30,2017-06-30,0.858,0.0
2017-07-03,2017-07-03,0.86,0.2331
2017-07-04,2017-07-04,0.857,-0.3488
2017-07-05,2017-07-05,0.861,0.4667
2017-07-06,2017-07-06,0.862,0.1161
2017-07-07,2017-07-07,0.867,0.58
2017-07-10,2017-07-10,0.867,0.0
2017-07-11,2017-07-11,0.865,-0.2307
2017-07-12,2017-07-12,0.866,0.1156
2017-07-13,2017-07-13,0.872,0.6928
2017-07-14,2017-07-14,0.873,0.1147
2017-07-17,2017-07-17,0.858,-1.7182
2017-07-18,2017-07-18,0.862,0.4662
2017-07-19,2017-07-19,0.878,1.8561
2017-07-20,2017-07-20,0.878,0.0
2017-07-21,2017-07-21,0.878,0.0
2017-07-24,2017-07-24,0.881,0.3417
2017-07-25,2017-07-25,0.878,-0.3405
2017-07-26,2017-07-26,0.879,0.1139
2017-07-27,2017-07-27,0.883,0.4551
2017-07-28,2017-07-28,0.887,0.453
2017-07-31,2017-07-31,0.896,1.0147
2017-08-01,2017-08-01,0.897,0.1116
2017-08-02,2017-08-02,0.894,-0.3344
2017-08-03,2017-08-03,0.892,-0.2237
2017-08-04,2017-08-04,0.892,0.0
2017-08-07,2017-08-07,0.897,0.5605
2017-08-08,2017-08-08,0.901,0.4459
2017-08-09,2017-08-09,0.899,-0.222
2017-08-10,2017-08-10,0.896,-0.3337
2017-08-11,2017-08-11,0.882,-1.5625
2017-08-14,2017-08-14,0.891,1.0204
2017-08-15,2017-08-15,0.89,-0.1122
2017-08-16,2017-08-16,0.891,0.1124
2017-08-17,2017-08-17,0.898,0.7856
2017-08-18,2017-08-18,0.899,0.1114
2017-08-21,2017-08-21,0.902,0.3337
2017-08-22,2017-08-22,0.897,-0.5543
2017-08-23,2017-08-23,0.895,-0.223
2017-08-24,2017-08-24,0.89,-0.5587
2017-08-25,2017-08-25,0.898,0.8989
2017-08-28,2017-08-28,0.908,1.1136
2017-08-29,2017-08-29,0.906,-0.2203
2017-08-30,2017-08-30,0.909,0.3311
2017-08-31,2017-08-31,0.909,0.0
2017-09-01,2017-09-01,0.911,0.22
2017-09-04,2017-09-04,0.913,0.2195
2017-09-05,2017-09-05,0.913,0.0
2017-09-06,2017-09-06,0.914,0.1095
2017-09-07,2017-09-07,0.91,-0.4376
2017-09-08,2017-09-08,0.913,0.3297
2017-09-11,2017-09-11,0.915,0.2191
2017-09-12,2017-09-12,0.914,-0.1093
2017-09-13,2017-09-13,0.917,0.3282
2017-09-14,2017-09-14,0.917,0.0
2017-09-15,2017-09-15,0.917,0.0
2017-09-18,2017-09-18,0.921,0.4362
2017-09-19,2017-09-19,0.917,-0.4343
2017-09-20,2017-09-20,0.919,0.2181
2017-09-21,2017-09-21,0.915,-0.4353
2017-09-22,2017-09-22,0.911,-0.4372
2017-09-25,2017-09-25,0.906,-0.5488
2017-09-26,2017-09-26,0.908,0.2208
2017-09-27,2017-09-27,0.91,0.2203
2017-09-28,2017-09-28,0.908,-0.2198
2017-09-29,2017-09-29,0.913,0.5507
2017-10-09,2017-10-09,0.918,0.5476
2017-10-10,2017-10-10,0.921,0.3268
2017-10-11,2017-10-11,0.92,-0.1086
2017-10-12,2017-10-12,0.921,0.1087
2017-10-13,2017-10-13,0.924,0.3257
2017-10-16,2017-10-16,0.918,-0.6494
2017-10-17,2017-10-17,0.918,0.0
2017-10-18,2017-10-18,0.917,-0.1089
2017-10-19,2017-10-19,0.907,-1.0905
2017-10-20,2017-10-20,0.913,0.6615
2017-10-23,2017-10-23,0.916,0.3286
2017-10-24,2017-10-24,0.919,0.3275
2017-10-25,2017-10-25,0.92,0.1088
2017-10-26,2017-10-26,0.926,0.6522
2017-10-27,2017-10-27,0.92,-0.6479
2017-10-30,2017-10-30,0.909,-1.1957
2017-10-31,2017-10-31,0.913,0.44
2017-11-01,2017-11-01,0.914,0.1095
2017-11-02,2017-11-02,0.911,-0.3282
2017-11-03,2017-11-03,0.905,-0.6586
2017-11-06,2017-11-06,0.909,0.442
2017-11-07,2017-11-07,0.914,0.5501
2017-11-08,2017-11-08,0.916,0.2188
2017-11-09,2017-11-09,0.918,0.2183
2017-11-10,2017-11-10,0.915,-0.3268
2017-11-13,2017-11-13,0.916,0.1093
2017-11-14,2017-11-14,0.916,0.0
2017-11-15,2017-11-15,0.91,-0.655
2017-11-16,2017-11-16,0.907,-0.3297
2017-11-17,2017-11-17,0.896,-1.2128
2017-11-20,2017-11-20,0.896,0.0
2017-11-21,2017-11-21,0.902,0.6696
2017-11-22,2017-11-22,0.909,0.7761
2017-11-23,2017-11-23,0.893,-1.7602
2017-11-24,2017-11-24,0.896,0.3359
2017-11-27,2017-11-27,0.892,-0.4464
2017-11-28,2017-11-28,0.897,0.5605
2017-11-29,2017-11-29,0.898,0.1115
2017-11-30,2017-11-30,0.895,-0.3341
2017-12-01,2017-12-01,0.896,0.1117
2017-12-04,2017-12-04,0.893,-0.3348
2017-12-05,2017-12-05,0.886,-0.7839
2017-12-06,2017-12-06,0.891,0.5643
2017-12-07,2017-12-07,0.888,-0.3367
2017-12-08,2017-12-08,0.891,0.3378
2017-12-11,2017-12-11,0.896,0.5612
2017-12-12,2017-12-12,0.888,-0.8929
2017-12-13,2017-12-13,0.892,0.4505
2017-12-14,2017-12-14,0.891,-0.1121
2017-12-15,2017-12-15,0.89,-0.1122
2017-12-18,2017-12-18,0.888,-0.2247
2017-12-19,2017-12-19,0.893,0.5631
2017-12-20,2017-12-20,0.888,-0.5599
2017-12-21,2017-12-21,0.89,0.2252
2017-12-22,2017-12-22,0.889,-0.1124
2017-12-25,2017-12-25,0.879,-1.1249
2017-12-26,2017-12-26,0.885,0.6826
2017-12-27,2017-12-27,0.883,-0.226
2017-12-28,2017-12-28,0.886,0.3398
2017-12-29,2017-12-29,0.89,0.4515
2017-12-31,2017-12-31,0.89,0.0
2018-01-02,2018-01-02,0.904,1.573
2018-01-03,2018-01-03,0.91,0.6637
2018-01-04,2018-01-04,0.911,0.1099
2018-01-05,2018-01-05,0.912,0.1098
2018-01-08,2018-01-08,0.914,0.2193
2018-01-09,2018-01-09,0.912,-0.2188
2018-01-10,2018-01-10,0.908,-0.4386
2018-01-11,2018-01-11,0.909,0.1101
2018-01-12,2018-01-12,0.905,-0.44
2018-01-15,2018-01-15,0.893,-1.326
2018-01-16,2018-01-16,0.896,0.3359
2018-01-17,2018-01-17,0.899,0.3348
2018-01-18,2018-01-18,0.902,0.3337
2018-01-19,2018-01-19,0.904,0.2217
2018-01-22,2018-01-22,0.908,0.4425
2018-01-23,2018-01-23,0.912,0.4405
2018-01-24,2018-01-24,0.924,1.3158
2018-01-25,2018-01-25,0.924,0.0
2018-01-26,2018-01-26,0.928,0.4329
2018-01-29,2018-01-29,0.922,-0.6466
2018-01-30,2018-01-30,0.918,-0.4338
2018-01-31,2018-01-31,0.908,-1.0893
2018-02-01,2018-02-01,0.891,-1.8722
2018-02-02,2018-02-02,0.895,0.4489
2018-02-05,2018-02-05,0.9,0.5587
2018-02-06,2018-02-06,0.868,-3.5556
2018-02-07,2018-02-07,0.864,-0.4608
2018-02-08,2018-02-08,0.857,-0.8102
2018-02-09,2018-02-09,0.826,-3.6173
2018-02-12,2018-02-12,0.834,0.9685
2018-02-13,2018-02-13,0.836,0.2398
2018-02-14,2018-02-14,0.837,0.1196
2018-02-22,2018-02-22,0.855,2.1505
2018-02-23,2018-02-23,0.856,0.117
2018-02-26,2018-02-26,0.87,1.6355
2018-02-27,2018-02-27,0.869,-0.1149
2018-02-28,2018-02-28,0.873,0.4603
2018-03-01,2018-03-01,0.881,0.9164
2018-03-02,2018-03-02,0.874,-0.7946
2018-03-05,2018-03-05,0.874,0.0
2018-03-06,2018-03-06,0.885,1.2586
2018-03-07,2018-03-07,0.876,-1.0169
2018-03-08,2018-03-08,0.881,0.5708
2018-03-09,2018-03-09,0.888,0.7946
2018-03-12,2018-03-12,0.895,0.7883
2018-03-13,2018-03-13,0.887,-0.8939
2018-03-14,2018-03-14,0.881,-0.6764
2018-03-15,2018-03-15,0.878,-0.3405
2018-03-16,2018-03-16,0.873,-0.5695
2018-03-19,2018-03-19,0.871,-0.2291
2018-03-20,2018-03-20,0.87,-0.1148
2018-03-21,2018-03-21,0.868,-0.2299
2018-03-22,2018-03-22,0.864,-0.4608
2018-03-23,2018-03-23,0.835,-3.3565
2018-03-26,2018-03-26,0.842,0.8383
2018-03-27,2018-03-27,0.855,1.5439
2018-03-28,2018-03-28,0.848,-0.8187
2018-03-29,2018-03-29,0.855,0.8255
2018-03-30,2018-03-30,0.865,1.1696
2018-04-02,2018-04-02,0.872,0.8092
2018-04-03,2018-04-03,0.86,-1.3761
2018-04-04,2018-04-04,0.854,-0.6977
2018-04-09,2018-04-09,0.851,-0.3513
2018-04-10,2018-04-10,0.859,0.9401
2018-04-11,2018-04-11,0.858,-0.1164
2018-04-12,2018-04-12,0.854,-0.4662
2018-04-13,2018-04-13,0.855,0.1171
2018-04-16,2018-04-16,0.847,-0.9357
2018-04-17,2018-04-17,0.835,-1.4168
2018-04-18,2018-04-18,0.847,1.4371
2018-04-19,2018-04-19,0.856,1.0626
2018-04-20,2018-04-20,0.843,-1.5187
2018-04-23,2018-04-23,0.835,-0.949
2018-04-24,2018-04-24,0.852,2.0359
2018-04-25,2018-04-25,0.849,-0.3521
2018-04-26,2018-04-26,0.84,-1.0601
2018-04-27,2018-04-27,0.84,0.0
2018-05-02,2018-05-02,0.834,-0.7143
2018-05-03,2018-05-03,0.842,0.9592
2018-05-04,2018-05-04,0.837,-0.5938
2018-05-07,2018-05-07,0.848,1.3142
2018-05-08,2018-05-08,0.853,0.5896
2018-05-09,2018-05-09,0.847,-0.7034
2018-05-10,2018-05-10,0.851,0.4723
2018-05-11,2018-05-11,0.846,-0.5875
2018-05-14,2018-05-14,0.842,-0.4728
2018-05-15,2018-05-15,0.847,0.5938
2018-05-16,2018-05-16,0.845,-0.2361
2018-05-17,2018-05-17,0.842,-0.355
2018-05-18,2018-05-18,0.847,0.5938
2018-05-21,2018-05-21,0.852,0.5903
2018-05-22,2018-05-22,0.85,-0.2347
2018-05-23,2018-05-23,0.839,-1.2941
2018-05-24,2018-05-24,0.836,-0.3576
2018-05-25,2018-05-25,0.831,-0.5981
2018-05-28,2018-05-28,0.827,-0.4813
2018-05-29,2018-05-29,0.823,-0.4837
2018-05-30,2018-05-30,0.81,-1.5796
2018-05-31,2018-05-31,0.817,0.8642
2018-06-01,2018-06-01,0.814,-0.3672
2018-06-04,2018-06-04,0.812,-0.2457
2018-06-05,2018-06-05,0.82,0.9852
2018-06-06,2018-06-06,0.822,0.2439
2018-06-07,2018-06-07,0.821,-0.1217
2018-06-08,2018-06-08,0.81,-1.3398
2018-06-11,2018-06-11,0.811,0.1235
2018-06-12,2018-06-12,0.816,0.6165
2018-06-13,2018-06-13,0.81,-0.7353
2018-06-14,2018-06-14,0.809,-0.1235
2018-06-15,2018-06-15,0.803,-0.7417
2018-06-19,2018-06-19,0.769,-4.2341
2018-06-20,2018-06-20,0.775,0.7802
2018-06-21,2018-06-21,0.767,-1.0323
2018-06-22,2018-06-22,0.774,0.9126
2018-06-25,2018-06-25,0.769,-0.646
2018-06-26,2018-06-26,0.769,0.0
2018-06-27,2018-06-27,0.763,-0.7802
2018-06-28,2018-06-28,0.759,-0.5242
2018-06-29,2018-06-29,0.772,1.7128
2018-06-30,2018-06-30,0.772,0.0
2018-07-02,2018-07-02,0.761,-1.4249
2018-07-03,2018-07-03,0.769,1.0512
2018-07-04,2018-07-04,0.761,-1.0403
2018-07-05,2018-07-05,0.75,-1.4455
2018-07-06,2018-07-06,0.754,0.5333
2018-07-09,2018-07-09,0.766,1.5915
2018-07-10,2018-07-10,0.769,0.3916
2018-07-11,2018-07-11,0.757,-1.5605
2018-07-12,2018-07-12,0.77,1.7173
2018-07-13,2018-07-13,0.771,0.1299
2018-07-16,2018-07-16,0.77,-0.1297
2018-07-17,2018-07-17,0.77,0.0
2018-07-18,2018-07-18,0.767,-0.3896
2018-07-19,2018-07-19,0.767,0.0
2018-07-20,2018-07-20,0.775,1.043
2018-07-23,2018-07-23,0.789,1.8065
2018-07-24,2018-07-24,0.803,1.7744
2018-07-25,2018-07-25,0.803,0.0
2018-07-26,2018-07-26,0.798,-0.6227
2018-07-27,2018-07-27,0.796,-0.2506
2018-07-30,2018-07-30,0.796,0.0
2018-07-31,2018-07-31,0.794,-0.2513
2018-08-01,2018-08-01,0.784,-1.2594
2018-08-02,2018-08-02,0.774,-1.2755
2018-08-03,2018-08-03,0.768,-0.7752
2018-08-06,2018-08-06,0.764,-0.5208
2018-08-07,2018-08-07,0.781,2.2251
2018-08-08,2018-08-08,0.776,-0.6402
2018-08-09,2018-08-09,0.785,1.1598
2018-08-10,2018-08-10,0.787,0.2548
2018-08-13,2018-08-13,0.789,0.2541
2018-08-14,2018-08-14,0.786,-0.3802
2018-08-15,2018-08-15,0.777,-1.145
2018-08-16,2018-08-16,0.771,-0.7722
2018-08-17,2018-08-17,0.766,-0.6485
2018-08-20,2018-08-20,0.773,0.9138
2018-08-21,2018-08-21,0.779,0.7762
2018-08-22,2018-08-22,0.775,-0.5135
2018-08-23,2018-08-23,0.776,0.129
2018-08-24,2018-08-24,0.774,-0.2577
2018-08-27,2018-08-27,0.788,1.8088
2018-08-28,2018-08-28,0.789,0.1269
2018-08-29,2018-08-29,0.789,0.0
2018-08-30,2018-08-30,0.779,-1.2674
2018-08-31,2018-08-31,0.777,-0.2567
2018-09-03,2018-09-03,0.775,-0.2574
2018-09-04,2018-09-04,0.782,0.9032
2018-09-05,2018-09-05,0.774,-1.023
2018-09-06,2018-09-06,0.771,-0.3876
2018-09-07,2018-09-07,0.77,-0.1297
2018-09-10,2018-09-10,0.764,-0.7792
2018-09-11,2018-09-11,0.762,-0.2618
2018-09-12,2018-09-12,0.763,0.1312
2018-09-13,2018-09-13,0.769,0.7864
2018-09-14,2018-09-14,0.768,-0.13
2018-09-17,2018-09-17,0.76,-1.0417
2018-09-18,2018-09-18,0.774,1.8421
2018-09-19,2018-09-19,0.779,0.646
2018-09-20,2018-09-20,0.778,-0.1284
2018-09-21,2018-09-21,0.789,1.4139
2018-09-25,2018-09-25,0.787,-0.2535
2018-09-26,2018-09-26,0.789,0.2541
2018-09-27,2018-09-27,0.786,-0.3802
2018-09-28,2018-09-28,0.79,0.5089
2018-10-08,2018-10-08,0.772,-2.2785
2018-10-09,2018-10-09,0.771,-0.1295
2018-10-10,2018-10-10,0.774,0.3891
2018-10-11,2018-10-11,0.742,-4.1344
2018-10-12,2018-10-12,0.747,0.6739
2018-10-15,2018-10-15,0.739,-1.071
2018-10-16,2018-10-16,0.732,-0.9472
2018-10-17,2018-10-17,0.737,0.6831
2018-10-18,2018-10-18,0.726,-1.4925
2018-10-19,2018-10-19,0.739,1.7906
2018-10-22,2018-10-22,0.764,3.3829
2018-10-23,2018-10-23,0.753,-1.4398
2018-10-24,2018-10-24,0.754,0.1328
2018-10-25,2018-10-25,0.758,0.5305
2018-10-26,2018-10-26,0.758,0.0
2018-10-29,2018-10-29,0.749,-1.1873
2018-10-30,2018-10-30,0.751,0.267
2018-10-31,2018-10-31,0.758,0.9321
2018-11-01,2018-11-01,0.765,0.9235
2018-11-02,2018-11-02,0.781,2.0915
2018-11-05,2018-11-05,0.78,-0.128
2018-11-06,2018-11-06,0.777,-0.3846
2018-11-07,2018-11-07,0.773,-0.5148
2018-11-08,2018-11-08,0.767,-0.7762
2018-11-09,2018-11-09,0.764,-0.3911
2018-11-12,2018-11-12,0.775,1.4398
2018-11-13,2018-11-13,0.785,1.2903
2018-11-14,2018-11-14,0.782,-0.3822
2018-11-15,2018-11-15,0.792,1.2788
2018-11-16,2018-11-16,0.796,0.5051
2018-11-19,2018-11-19,0.803,0.8794
2018-11-20,2018-11-20,0.786,-2.1171
2018-11-21,2018-11-21,0.788,0.2545
2018-11-22,2018-11-22,0.786,-0.2538
2018-11-23,2018-11-23,0.769,-2.1628
2018-11-26,2018-11-26,0.768,-0.13
2018-11-27,2018-11-27,0.768,0.0
2018-11-28,2018-11-28,0.776,1.0417
2018-11-29,2018-11-29,0.765,-1.4175
2018-11-30,2018-11-30,0.77,0.6536
2018-12-03,2018-12-03,0.786,2.0779
2018-12-04,2018-12-04,0.79,0.5089
2018-12-05,2018-12-05,0.787,-0.3797
2018-12-06,2018-12-06,0.775,-1.5248
2018-12-07,2018-12-07,0.78,0.6452
2018-12-10,2018-12-10,0.777,-0.3846
2018-12-11,2018-12-11,0.781,0.5148
2018-12-12,2018-12-12,0.781,0.0
2018-12-13,2018-12-13,0.79,1.1524
2018-12-14,2018-12-14,0.778,-1.519
2018-12-17,2018-12-17,0.781,0.3856
2018-12-18,2018-12-18,0.773,-1.0243
2018-12-19,2018-12-19,0.765,-1.0349
2018-12-20,2018-12-20,0.767,0.2614
2018-12-21,2018-12-21,0.76,-0.9126
2018-12-24,2018-12-24,0.761,0.1316
2018-12-25,2018-12-25,0.752,-1.1827
2018-12-26,2018-12-26,0.75,-0.266
2018-12-27,2018-12-27,0.745,-0.6667
2018-12-28,2018-12-28,0.747,0.2685
2018-12-31,2018-12-31,0.747,0.0
2019-01-02,2019-01-02,0.741,-0.8032
2019-01-03,2019-01-03,0.74,-0.135
2019-01-04,2019-01-04,0.755,2.027
2019-01-07,2019-01-07,0.761,0.7947
2019-01-08,2019-01-08,0.76,-0.1314
2019-01-09,2019-01-09,0.763,0.3947
2019-01-10,2019-01-10,0.762,-0.1311
2019-01-11,2019-01-11,0.768,0.7874
2019-01-14,2019-01-14,0.764,-0.5208
2019-01-15,2019-01-15,0.773,1.178
2019-01-16,2019-01-16,0.772,-0.1294
2019-01-17,2019-01-17,0.769,-0.3886
2019-01-18,2019-01-18,0.777,1.0403
2019-01-21,2019-01-21,0.779,0.2574
2019-01-22,2019-01-22,0.769,-1.2837
2019-01-23,2019-01-23,0.768,-0.13
2019-01-24,2019-01-24,0.77,0.2604
2019-01-25,2019-01-25,0.774,0.5195
2019-01-28,2019-01-28,0.774,0.0
2019-01-29,2019-01-29,0.771,-0.3876
2019-01-30,2019-01-30,0.767,-0.5188
2019-01-31,2019-01-31,0.765,-0.2608
2019-02-01,2019-02-01,0.778,1.6993
2019-02-11,2019-02-11,0.791,1.671
2019-02-12,2019-02-12,0.798,0.885
2019-02-13,2019-02-13,0.808,1.2531
2019-02-14,2019-02-14,0.81,0.2475
2019-02-15,2019-02-15,0.798,-1.4815
2019-02-18,2019-02-18,0.821,2.8822
2019-02-19,2019-02-19,0.818,-0.3654
2019-02-20,2019-02-20,0.819,0.1222
2019-02-21,2019-02-21,0.817,-0.2442
2019-02-22,2019-02-22,0.833,1.9584
2019-02-25,2019-02-25,0.874,4.922
2019-02-26,2019-02-26,0.874,0.0
2019-02-27,2019-02-27,0.874,0.0
2019-02-28,2019-02-28,0.87,-0.4577
2019-03-01,2019-03-01,0.879,1.0345
2019-03-04,2019-03-04,0.888,1.0239
2019-03-05,2019-03-05,0.904,1.8018
2019-03-06,2019-03-06,0.914,1.1062
2019-03-07,2019-03-07,0.92,0.6565
2019-03-08,2019-03-08,0.878,-4.5652
2019-03-11,2019-03-11,0.9,2.5057
2019-03-12,2019-03-12,0.914,1.5556
2019-03-13,2019-03-13,0.901,-1.4223
2019-03-14,2019-03-14,0.887,-1.5538
2019-03-15,2019-03-15,0.894,0.7892
2019-03-18,2019-03-18,0.916,2.4609
2019-03-19,2019-03-19,0.917,0.1092
2019-03-20,2019-03-20,0.915,-0.2181
2019-03-21,2019-03-21,0.921,0.6557
2019-03-22,2019-03-22,0.923,0.2172
2019-03-25,2019-03-25,0.908,-1.6251
2019-03-26,2019-03-26,0.89,-1.9824
2019-03-27,2019-03-27,0.891,0.1124
2019-03-28,2019-03-28,0.882,-1.0101
2019-03-29,2019-03-29,0.908,2.9478
2019-04-01,2019-04-01,0.934,2.8634
2019-04-02,2019-04-02,0.935,0.1071
2019-04-03,2019-04-03,0.95,1.6043
2019-04-04,2019-04-04,0.958,0.8421
2019-04-08,2019-04-08,0.958,0.0
2019-04-09,2019-04-09,0.954,-0.4175
2019-04-10,2019-04-10,0.948,-0.6289
2019-04-11,2019-04-11,0.929,-2.0042
2019-04-12,2019-04-12,0.929,0.0
2019-04-15,2019-04-15,0.921,-0.8611
2019-04-16,2019-04-16,0.941,2.1716
2019-04-17,2019-04-17,0.939,-0.2125
2019-04-18,2019-04-18,0.933,-0.639
2019-04-19,2019-04-19,0.935,0.2144
2019-04-22,2019-04-22,0.922,-1.3904
2019-04-23,2019-04-23,0.918,-0.4338
2019-04-24,2019-04-24,0.922,0.4357
2019-04-25,2019-04-25,0.904,-1.9523
2019-04-26,2019-04-26,0.898,-0.6637
2019-04-29,2019-04-29,0.886,-1.3363
2019-04-30,2019-04-30,0.89,0.4515
2019-05-06,2019-05-06,0.856,-3.8202
2019-05-07,2019-05-07,0.861,0.5841
2019-05-08,2019-05-08,0.86,-0.1161
2019-05-09,2019-05-09,0.855,-0.5814
2019-05-10,2019-05-10,0.872,1.9883
2019-05-13,2019-05-13,0.866,-0.6881
2019-05-14,2019-05-14,0.862,-0.4619
2019-05-15,2019-05-15,0.869,0.8121
2019-05-16,2019-05-16,0.874,0.5754
2019-05-17,2019-05-17,0.858,-1.8307
2019-05-20,2019-05-20,0.858,0.0
2019-05-21,2019-05-21,0.866,0.9324
2019-05-22,2019-05-22,0.863,-0.3464
2019-05-23,2019-05-23,0.858,-0.5794
2019-05-24,2019-05-24,0.855,-0.3497
2019-05-27,2019-05-27,0.863,0.9357
2019-05-28,2019-05-28,0.865,0.2317
2019-05-29,2019-05-29,0.862,-0.3468
2019-05-30,2019-05-30,0.861,-0.116
2019-05-31,2019-05-31,0.861,0.0
2019-06-03,2019-06-03,0.856,-0.5807
2019-06-04,2019-06-04,0.853,-0.3505
2019-06-05,2019-06-05,0.857,0.4689
2019-06-06,2019-06-06,0.849,-0.9335
2019-06-10,2019-06-10,0.852,0.3534
2019-06-11,2019-06-11,0.868,1.8779
2019-06-12,2019-06-12,0.861,-0.8065
2019-06-13,2019-06-13,0.862,0.1161
2019-06-14,2019-06-14,0.854,-0.9281
2019-06-17,2019-06-17,0.856,0.2342
2019-06-18,2019-06-18,0.855,-0.1168
2019-06-19,2019-06-19,0.861,0.7018
2019-06-20,2019-06-20,0.873,1.3937
2019-06-21,2019-06-21,0.878,0.5727
2019-06-24,2019-06-24,0.876,-0.2278
2019-06-25,2019-06-25,0.87,-0.6849
2019-06-26,2019-06-26,0.869,-0.1149
2019-06-27,2019-06-27,0.873,0.4603
2019-06-28,2019-06-28,0.868,-0.5727
2019-06-30,2019-06-30,0.868,0.0
2019-07-01,2019-07-01,0.883,1.7281
2019-07-02,2019-07-02,0.883,0.0
2019-07-03,2019-07-03,0.881,-0.2265
2019-07-04,2019-07-04,0.885,0.454
2019-07-05,2019-07-05,0.885,0.0
2019-07-08,2019-07-08,0.868,-1.9209
2019-07-09,2019-07-09,0.868,0.0
2019-07-10,2019-07-10,0.862,-0.6912
2019-07-11,2019-07-11,0.862,0.0
2019-07-12,2019-07-12,0.865,0.348
2019-07-15,2019-07-15,0.868,0.3468
2019-07-16,2019-07-16,0.868,0.0
2019-07-17,2019-07-17,0.869,0.1152
2019-07-18,2019-07-18,0.861,-0.9206
2019-07-19,2019-07-19,0.869,0.9292
2019-07-22,2019-07-22,0.903,3.9125
2019-07-23,2019-07-23,0.906,0.3322
2019-07-24,2019-07-24,0.911,0.5519
2019-07-25,2019-07-25,0.911,0.0
2019-07-26,2019-07-26,0.909,-0.2195
2019-07-29,2019-07-29,0.907,-0.22
2019-07-30,2019-07-30,0.914,0.7718
2019-07-31,2019-07-31,0.906,-0.8753
2019-08-01,2019-08-01,0.899,-0.7726
2019-08-02,2019-08-02,0.89,-1.0011
2019-08-05,2019-08-05,0.88,-1.1236
2019-08-06,2019-08-06,0.868,-1.3636
2019-08-07,2019-08-07,0.867,-0.1152
2019-08-08,2019-08-08,0.875,0.9227
2019-08-09,2019-08-09,0.87,-0.5714
2019-08-12,2019-08-12,0.88,1.1494
2019-08-13,2019-08-13,0.875,-0.5682
2019-08-14,2019-08-14,0.877,0.2286
2019-08-15,2019-08-15,0.88,0.3421
2019-08-16,2019-08-16,0.882,0.2273
2019-08-19,2019-08-19,0.9,2.0408
2019-08-20,2019-08-20,0.901,0.1111
2019-08-21,2019-08-21,0.898,-0.333
2019-08-22,2019-08-22,0.899,0.1114
2019-08-23,2019-08-23,0.895,-0.4449
2019-08-26,2019-08-26,0.891,-0.4469
2019-08-27,2019-08-27,0.901,1.1223
2019-08-28,2019-08-28,0.898,-0.333
2019-08-29,2019-08-29,0.896,-0.2227
2019-08-30,2019-08-30,0.892,-0.4464
2019-09-02,2019-09-02,0.906,1.5695
2019-09-03,2019-09-03,0.908,0.2208
2019-09-04,2019-09-04,0.921,1.4317
2019-09-05,2019-09-05,0.924,0.3257
2019-09-06,2019-09-06,0.927,0.3247
2019-09-09,2019-09-09,0.938,1.1866
2019-09-10,2019-09-10,0.936,-0.2132
2019-09-11,2019-09-11,0.934,-0.2137
2019-09-12,2019-09-12,0.939,0.5353
2019-09-16,2019-09-16,0.938,-0.1065
2019-09-17,2019-09-17,0.924,-1.4925
2019-09-18,2019-09-18,0.922,-0.2165
2019-09-19,2019-09-19,0.927,0.5423
2019-09-20,2019-09-20,0.927,0.0
2019-09-23,2019-09-23,0.919,-0.863
2019-09-24,2019-09-24,0.92,0.1088
2019-09-25,2019-09-25,0.911,-0.9783
2019-09-26,2019-09-26,0.903,-0.8782
2019-09-27,2019-09-27,0.904,0.1107
2019-09-30,2019-09-30,0.9,-0.4425
2019-10-08,2019-10-08,0.901,0.1111
2019-10-09,2019-10-09,0.905,0.444
2019-10-10,2019-10-10,0.91,0.5525
2019-10-11,2019-10-11,0.912,0.2198
2019-10-14,2019-10-14,0.92,0.8772
2019-10-15,2019-10-15,0.913,-0.7609
2019-10-16,2019-10-16,0.914,0.1095
2019-10-17,2019-10-17,0.915,0.1094
2019-10-18,2019-10-18,0.906,-0.9836
2019-10-21,2019-10-21,0.906,0.0
2019-10-22,2019-10-22,0.909,0.3311
2019-10-23,2019-10-23,0.904,-0.5501
2019-10-24,2019-10-24,0.905,0.1106
2019-10-25,2019-10-25,0.91,0.5525
2019-10-28,2019-10-28,0.918,0.8791
2019-10-29,2019-10-29,0.911,-0.7625
2019-10-30,2019-10-30,0.906,-0.5488
2019-10-31,2019-10-31,0.901,-0.5519
2019-11-01,2019-11-01,0.907,0.6659
2019-11-04,2019-11-04,0.91,0.3308
2019-11-05,2019-11-05,0.916,0.6593
2019-11-06,2019-11-06,0.914,-0.2183
2019-11-07,2019-11-07,0.915,0.1094
2019-11-08,2019-11-08,0.915,0.0
2019-11-11,2019-11-11,0.901,-1.5301
2019-11-12,2019-11-12,0.901,0.0
2019-11-13,2019-11-13,0.896,-0.5549
2019-11-14,2019-11-14,0.899,0.3348
2019-11-15,2019-11-15,0.895,-0.4449
2019-11-18,2019-11-18,0.905,1.1173
2019-11-19,2019-11-19,0.915,1.105
2019-11-20,2019-11-20,0.91,-0.5464
2019-11-21,2019-11-21,0.911,0.1099
2019-11-22,2019-11-22,0.909,-0.2195
2019-11-25,2019-11-25,0.918,0.9901
2019-11-26,2019-11-26,0.914,-0.4357
2019-11-27,2019-11-27,0.912,-0.2188
2019-11-28,2019-11-28,0.908,-0.4386
2019-11-29,2019-11-29,0.907,-0.1101
2019-12-02,2019-12-02,0.91,0.3308
2019-12-03,2019-12-03,0.911,0.1099
2019-12-04,2019-12-04,0.908,-0.3293
2019-12-05,2019-12-05,0.913,0.5507
2019-12-06,2019-12-06,0.918,0.5476
2019-12-09,2019-12-09,0.927,0.9804
2019-12-10,2019-12-10,0.93,0.3236
2019-12-11,2019-12-11,0.931,0.1075
2019-12-12,2019-12-12,0.929,-0.2148
2019-12-13,2019-12-13,0.939,1.0764
2019-12-16,2019-12-16,0.952,1.3845
2019-12-17,2019-12-17,0.962,1.0504
2019-12-18,2019-12-18,0.966,0.4158
2019-12-19,2019-12-19,0.971,0.5176
2019-12-20,2019-12-20,0.966,-0.5149
2019-12-23,2019-12-23,0.953,-1.3458
2019-12-24,2019-12-24,0.96,0.7345
2019-12-25,2019-12-25,0.962,0.2083
2019-12-26,2019-12-26,0.973,1.1435
2019-12-27,2019-12-27,0.967,-0.6166
2019-12-30,2019-12-30,0.979,1.241
2019-12-31,2019-12-31,0.982,0.3064
2020-01-02,2020-01-02,0.994,1.222
2020-01-03,2020-01-03,0.995,0.1006
2020-01-06,2020-01-06,0.998,0.3015
2020-01-07,2020-01-07,1.006,0.8016
2020-01-08,2020-01-08,0.994,-1.1928
2020-01-09,2020-01-09,1.007,1.3078
2020-01-10,2020-01-10,1.003,-0.3972
2020-01-13,2020-01-13,1.01,0.6979
2020-01-14,2020-01-14,1.005,-0.495
2020-01-15,2020-01-15,1.0,-0.4975
2020-01-16,2020-01-16,0.997,-0.3
2020-01-17,2020-01-17,0.994,-0.3009
2020-01-20,2020-01-20,1.009,1.5091
2020-01-21,2020-01-21,0.997,-1.1893
2020-01-22,2020-01-22,0.998,0.1003
2020-01-23,2020-01-23,0.97,-2.8056
2020-02-03,2020-02-03,0.897,-7.5258
2020-02-04,2020-02-04,0.905,0.8919
2020-02-05,2020-02-05,0.927,2.4309
2020-02-06,2020-02-06,0.945,1.9417
2020-02-07,2020-02-07,0.947,0.2116
2020-02-10,2020-02-10,0.955,0.8448
2020-02-11,2020-02-11,0.956,0.1047
2020-02-12,2020-02-12,0.966,1.046
2020-02-13,2020-02-13,0.961,-0.5176
2020-02-14,2020-02-14,0.965,0.4162
2020-02-17,2020-02-17,0.986,2.1762
2020-02-18,2020-02-18,0.989,0.3043
2020-02-19,2020-02-19,0.983,-0.6067
2020-02-20,2020-02-20,0.998,1.5259
2020-02-21,2020-02-21,1.003,0.501
2020-02-24,2020-02-24,1.004,0.0997
2020-02-25,2020-02-25,0.997,-0.6972
2020-02-26,2020-02-26,1.002,0.5015
2020-02-27,2020-02-27,1.004,0.1996
2020-02-28,2020-02-28,0.977,-2.6892
2020-03-02,2020-03-02,1.009,3.2753
2020-03-03,2020-03-03,1.012,0.2973
2020-03-04,2020-03-04,1.022,0.9881
2020-03-05,2020-03-05,1.035,1.272
2020-03-06,2020-03-06,1.02,-1.4493
2020-03-09,2020-03-09,0.996,-2.3529
2020-03-10,2020-03-10,1.01,1.4056
2020-03-11,2020-03-11,0.999,-1.0891
2020-03-12,2020-03-12,0.986,-1.3013
2020-03-13,2020-03-13,0.974,-1.217
2020-03-16,2020-03-16,0.948,-2.6694
2020-03-17,2020-03-17,0.945,-0.3165
2020-03-18,2020-03-18,0.927,-1.9048
2020-03-19,2020-03-19,0.922,-0.5394
2020-03-20,2020-03-20,0.935,1.41
2020-03-23,2020-03-23,0.907,-2.9947
2020-03-24,2020-03-24,0.919,1.323
2020-03-25,2020-03-25,0.938,2.0675
2020-03-26,2020-03-26,0.927,-1.1727
2020-03-27,2020-03-27,0.933,0.6472
2020-03-30,2020-03-30,0.922,-1.179
2020-03-31,2020-03-31,0.921,-0.1085
2020-04-01,2020-04-01,0.914,-0.76
2020-04-02,2020-04-02,0.927,1.4223
2020-04-03,2020-04-03,0.919,-0.863
2020-04-07,2020-04-07,0.938,2.0675
2020-04-08,2020-04-08,0.936,-0.2132
2020-04-09,2020-04-09,0.938,0.2137
2020-04-10,2020-04-10,0.927,-1.1727
2020-04-13,2020-04-13,0.923,-0.4315
2020-04-14,2020-04-14,0.938,1.6251
2020-04-15,2020-04-15,0.935,-0.3198
2020-04-16,2020-04-16,0.936,0.107
2020-04-17,2020-04-17,0.942,0.641
2020-04-20,2020-04-20,0.95,0.8493
2020-04-21,2020-04-21,0.94,-1.0526
2020-04-22,2020-04-22,0.943,0.3191
2020-04-23,2020-04-23,0.939,-0.4242
2020-04-24,2020-04-24,0.928,-1.1715
2020-04-27,2020-04-27,0.93,0.2155
2020-04-28,2020-04-28,0.928,-0.2151
2020-04-29,2020-04-29,0.931,0.3233
2020-04-30,2020-04-30,0.946,1.6112
2020-05-06,2020-05-06,0.955,0.9514
2020-05-07,2020-05-07,0.95,-0.5236
2020-05-08,2020-05-08,0.958,0.8421
2020-05-11,2020-05-11,0.963,0.5219
2020-05-12,2020-05-12,0.958,-0.5192
2020-05-13,2020-05-13,0.964,0.6263
2020-05-14,2020-05-14,0.954,-1.0373
2020-05-15,2020-05-15,0.956,0.2096
2020-05-18,2020-05-18,0.959,0.3138
2020-05-19,2020-05-19,0.971,1.2513
2020-05-20,2020-05-20,0.959,-1.2358
2020-05-21,2020-05-21,0.955,-0.4171
2020-05-22,2020-05-22,0.943,-1.2565
2020-05-25,2020-05-25,0.948,0.5302
2020-05-26,2020-05-26,0.965,1.7932
2020-05-27,2020-05-27,0.964,-0.1036
2020-05-28,2020-05-28,0.968,0.4149
2020-05-29,2020-05-29,0.978,1.0331
2020-06-01,2020-06-01,1.006,2.863
2020-06-02,2020-06-02,0.998,-0.7952
2020-06-03,2020-06-03,1.0,0.2004
2020-06-04,2020-06-04,0.998,-0.2
2020-06-05,2020-06-05,0.998,0.0
2020-06-08,2020-06-08,0.998,0.0
2020-06-09,2020-06-09,1.006,0.8016
2020-06-10,2020-06-10,1.014,0.7952
2020-06-11,2020-06-11,1.011,-0.2959
2020-06-12,2020-06-12,1.013,0.1978
2020-06-15,2020-06-15,1.011,-0.1974
2020-06-16,2020-06-16,1.034,2.275
2020-06-17,2020-06-17,1.037,0.2901
2020-06-18,2020-06-18,1.041,0.3857
2020-06-19,2020-06-19,1.051,0.9606
2020-06-22,2020-06-22,1.055,0.3806
2020-06-23,2020-06-23,1.067,1.1374
2020-06-24,2020-06-24,1.068,0.0937
2020-06-29,2020-06-29,1.069,0.0936
2020-06-30,2020-06-30,1.094,2.3386
2020-07-01,2020-07-01,1.101,0.6399
2020-07-02,2020-07-02,1.102,0.0908
2020-07-03,2020-07-03,1.105,0.2722
2020-07-06,2020-07-06,1.136,2.8054
2020-07-07,2020-07-07,1.157,1.8486
2020-07-08,2020-07-08,1.176,1.6422
2020-07-09,2020-07-09,1.208,2.7211
2020-07-10,2020-07-10,1.211,0.2483
2020-07-13,2020-07-13,1.242,2.5599
2020-07-14,2020-07-14,1.241,-0.0805
2020-07-15,2020-07-15,1.228,-1.0475
2020-07-16,2020-07-16,1.192,-2.9316
2020-07-17,2020-07-17,1.21,1.5101
2020-07-20,2020-07-20,1.226,1.3223
2020-07-21,2020-07-21,1.232,0.4894
2020-07-22,2020-07-22,1.245,1.0552
2020-07-23,2020-07-23,1.248,0.241
2020-07-24,2020-07-24,1.193,-4.4071
2020-07-27,2020-07-27,1.194,0.0838
2020-07-28,2020-07-28,1.212,1.5075
2020-07-29,2020-07-29,1.243,2.5578
2020-07-30,2020-07-30,1.238,-0.4023
2020-07-31,2020-07-31,1.258,1.6155
2020-08-03,2020-08-03,1.278,1.5898
2020-08-04,2020-08-04,1.271,-0.5477
2020-08-05,2020-08-05,1.286,1.1802
2020-08-06,2020-08-06,1.28,-0.4666
2020-08-07,2020-08-07,1.262,-1.4063
2020-08-10,2020-08-10,1.261,-0.0792
2020-08-11,2020-08-11,1.244,-1.3481
2020-08-12,2020-08-12,1.225,-1.5273
2020-08-13,2020-08-13,1.225,0.0
2020-08-14,2020-08-14,1.244,1.551
2020-08-17,2020-08-17,1.261,1.3666
2020-08-18,2020-08-18,1.264,0.2379
2020-08-19,2020-08-19,1.238,-2.057
2020-08-20,2020-08-20,1.233,-0.4039
2020-08-21,2020-08-21,1.247,1.1354
2020-08-24,2020-08-24,1.266,1.52
2020-08-25,2020-08-25,1.264,-0.16
2020-08-26,2020-08-26,1.24,-1.9
2020-08-27,2020-08-27,1.253,1.05
2020-08-28,2020-08-28,1.268,1.2
2020-08-31,2020-08-31,1.265,-0.24
2020-09-01,2020-09-01,1.27,0.4
2020-09-02,2020-09-02,1.267,-0.24
2020-09-03,2020-09-03,1.255,-0.95
2020-09-04,2020-09-04,1.249,-0.48
2020-09-07,2020-09-07,1.218,-2.48
2020-09-08,2020-09-08,1.21,-0.66
2020-09-09,2020-09-09,1.175,-2.89
2020-09-10,2020-09-10,1.169,-0.51
2020-09-11,2020-09-11,1.183,1.2
2020-09-14,2020-09-14,1.198,1.27
2020-09-15,2020-09-15,1.205,0.58
2020-09-16,2020-09-16,1.196,-0.75
2020-09-17,2020-09-17,1.201,0.42
2020-09-18,2020-09-18,1.219,1.5
2020-09-21,2020-09-21,1.211,-0.66
2020-09-22,2020-09-22,1.203,-0.66
2020-09-23,2020-09-23,1.209,0.5
2020-09-24,2020-09-24,1.188,-1.74
2020-09-25,2020-09-25,1.181,-0.59
2020-09-28,2020-09-28,1.17,-0.93
2020-09-29,2020-09-29,1.181,0.94
2020-09-30,2020-09-30,1.183,0.17
2020-10-09,2020-10-09,1.205,1.86
2020-10-12,2020-10-12,1.237,2.66
2020-10-13,2020-10-13,1.24,0.24
2020-10-14,2020-10-14,1.233,-0.56
2020-10-15,2020-10-15,1.228,-0.41
2020-10-16,2020-10-16,1.225,-0.24
2020-10-19,2020-10-19,1.219,-0.49
2020-10-20,2020-10-20,1.222,0.25
2020-10-21,2020-10-21,1.213,-0.74
2020-10-22,2020-10-22,1.204,-0.74
2020-10-23,2020-10-23,1.203,-0.08
2020-10-26,2020-10-26,1.196,-0.58
2020-10-27,2020-10-27,1.191,-0.42
2020-10-28,2020-10-28,1.189,-0.17
2020-10-29,2020-10-29,1.194,0.42
2020-10-30,2020-10-30,1.185,-0.75
2020-11-02,2020-11-02,1.187,0.17
2020-11-03,2020-11-03,1.203,1.35
2020-11-04,2020-11-04,1.207,0.33
2020-11-05,2020-11-05,1.219,0.99
2020-11-06,2020-11-06,1.226,0.57
2020-11-09,2020-11-09,1.244,1.47
2020-11-10,2020-11-10,1.236,-0.64
2020-11-11,2020-11-11,1.241,0.4
2020-11-12,2020-11-12,1.244,0.24
2020-11-13,2020-11-13,1.217,-2.17
2020-11-16,2020-11-16,1.231,1.15
2020-11-17,2020-11-17,1.244,1.06
2020-11-18,2020-11-18,1.268,1.93
2020-11-19,2020-11-19,1.287,1.5
2020-11-20,2020-11-20,1.274,-1.01
2020-11-23,2020-11-23,1.292,1.41
2020-11-24,2020-11-24,1.282,-0.77
2020-11-25,2020-11-25,1.282,0.0
2020-11-26,2020-11-26,1.297,1.17
2020-11-27,2020-11-27,1.322,1.93
2020-11-30,2020-11-30,1.316,-0.45
2020-12-01,2020-12-01,1.34,1.82
2020-12-02,2020-12-02,1.338,-0.15
2020-12-03,2020-12-03,1.35,0.9
2020-12-04,2020-12-04,1.327,-1.7
2020-12-07,2020-12-07,1.31,-1.28
2020-12-08,2020-12-08,1.3,-0.76
2020-12-09,2020-12-09,1.292,-0.62
2020-12-10,2020-12-10,1.287,-0.39
2020-12-11,2020-12-11,1.27,-1.32
2020-12-14,2020-12-14,1.275,0.39
2020-12-15,2020-12-15,1.273,-0.16
2020-12-16,2020-12-16,1.282,0.71
2020-12-17,2020-12-17,1.29,0.62
2020-12-18,2020-12-18,1.271,-1.47
2020-12-21,2020-12-21,1.281,0.79
2020-12-22,2020-12-22,1.246,-2.73
2020-12-23,2020-12-23,1.246,0.0
2020-12-24,2020-12-24,1.24,-0.48
2020-12-25,2020-12-25,1.233,-0.56
2020-12-28,2020-12-28,1.233,0.0
2020-12-29,2020-12-29,1.251,1.46
2020-12-30,2020-12-30,1.266,1.2
2020-12-31,2020-12-31,1.302,2.84
2021-01-04,2021-01-04,1.319,1.31
2021-01-05,2021-01-05,1.327,0.61
2021-01-06,2021-01-06,1.326,-0.08
2021-01-07,2021-01-07,1.307,-1.43
2021-01-08,2021-01-08,1.313,0.46
2021-01-11,2021-01-11,1.31,-0.23
2021-01-12,2021-01-12,1.326,1.22
2021-01-13,2021-01-13,1.319,-0.53
2021-01-14,2021-01-14,1.309,-0.76
2021-01-15,2021-01-15,1.316,0.53
2021-01-18,2021-01-18,1.344,2.13
2021-01-19,2021-01-19,1.329,-1.12
2021-01-20,2021-01-20,1.327,-0.15
2021-01-21,2021-01-21,1.368,3.09
2021-01-22,2021-01-22,1.354,-1.02
2021-01-25,2021-01-25,1.362,0.59
2021-01-26,2021-01-26,1.344,-1.32
2021-01-27,2021-01-27,1.364,1.49
2021-01-28,2021-01-28,1.311,-3.89
2021-01-29,2021-01-29,1.293,-1.37
2021-02-01,2021-02-01,1.322,2.24
2021-02-02,2021-02-02,1.321,-0.08
2021-02-03,2021-02-03,1.297,-1.82
2021-02-04,2021-02-04,1.284,-1.0
2021-02-05,2021-02-05,1.247,-2.88
2021-02-08,2021-02-08,1.256,0.72
2021-02-09,2021-02-09,1.298,3.34
2021-02-10,2021-02-10,1.324,2.0
2021-02-18,2021-02-18,1.319,-0.38
2021-02-19,2021-02-19,1.34,1.59
2021-02-22,2021-02-22,1.309,-2.31
2021-02-23,2021-02-23,1.307,-0.15
2021-02-24,2021-02-24,1.279,-2.14
2021-02-25,2021-02-25,1.262,-1.33
2021-02-26,2021-02-26,1.233,-2.3
2021-03-01,2021-03-01,1.245,0.97
2021-03-02,2021-03-02,1.242,-0.24
2021-03-03,2021-03-03,1.256,1.13
2021-03-04,2021-03-04,1.242,-1.11
2021-03-05,2021-03-05,1.245,0.24
2021-03-08,2021-03-08,1.229,-1.29
2021-03-09,2021-03-09,1.214,-1.22
2021-03-10,2021-03-10,1.224,0.82
2021-03-11,2021-03-11,1.236,0.98
2021-03-12,2021-03-12,1.253,1.38
2021-03-15,2021-03-15,1.241,-0.96
2021-03-16,2021-03-16,1.249,0.64
2021-03-17,2021-03-17,1.27,1.68
2021-03-18,2021-03-18,1.283,1.02
2021-03-19,2021-03-19,1.26,-1.79
2021-03-22,2021-03-22,1.289,2.3
2021-03-23,2021-03-23,1.278,-0.85
2021-03-24,2021-03-24,1.266,-0.94
2021-03-25,2021-03-25,1.259,-0.55
2021-03-26,2021-03-26,1.283,1.91
2021-03-29,2021-03-29,1.293,0.78
2021-03-30,2021-03-30,1.298,0.39
2021-03-31,2021-03-31,1.311,1.0
2021-04-01,2021-04-01,1.325,1.07
2021-04-02,2021-04-02,1.329,0.3
2021-04-06,2021-04-06,1.332,0.23
2021-04-07,2021-04-07,1.328,-0.3
2021-04-08,2021-04-08,1.328,0.0
2021-04-09,2021-04-09,1.321,-0.53
2021-04-12,2021-04-12,1.288,-2.5
2021-04-13,2021-04-13,1.276,-0.93
2021-04-14,2021-04-14,1.293,1.33
2021-04-15,2021-04-15,1.282,-0.85
2021-04-16,2021-04-16,1.291,0.7
2021-04-19,2021-04-19,1.293,0.15
2021-04-20,2021-04-20,1.294,0.08
2021-04-21,2021-04-21,1.298,0.31
2021-04-22,2021-04-22,1.315,1.31
2021-04-23,2021-04-23,1.328,0.99
2021-04-26,2021-04-26,1.326,-0.15
2021-04-27,2021-04-27,1.319,-0.53
2021-04-28,2021-04-28,1.311,-0.61
2021-04-29,2021-04-29,1.302,-0.69
2021-04-30,2021-04-30,1.303,0.08
2021-05-06,2021-05-06,1.303,0.0
2021-05-07,2021-05-07,1.309,0.46
2021-05-10,2021-05-10,1.329,1.53
2021-05-11,2021-05-11,1.281,-3.61
2021-05-12,2021-05-12,1.281,0.0
2021-05-13,2021-05-13,1.236,-3.51
2021-05-14,2021-05-14,1.235,-0.08
2021-05-17,2021-05-17,1.263,2.27
2021-05-18,2021-05-18,1.269,0.48
2021-05-19,2021-05-19,1.264,-0.39
2021-05-20,2021-05-20,1.24,-1.9
2021-05-21,2021-05-21,1.238,-0.16
2021-05-24,2021-05-24,1.241,0.24
2021-05-25,2021-05-25,1.253,0.97
2021-05-26,2021-05-26,1.265,0.96
2021-05-27,2021-05-27,1.259,-0.47
2021-05-28,2021-05-28,1.258,-0.08
2021-05-31,2021-05-31,1.288,2.38
2021-06-01,2021-06-01,1.286,-0.16
2021-06-02,2021-06-02,1.27,-1.24
2021-06-03,2021-06-03,1.276,0.47
2021-06-04,2021-06-04,1.266,-0.78
2021-06-07,2021-06-07,1.267,0.08
2021-06-08,2021-06-08,1.259,-0.63
2021-06-09,2021-06-09,1.261,0.16
2021-06-10,2021-06-10,1.255,-0.48
2021-06-11,2021-06-11,1.263,0.64
2021-06-15,2021-06-15,1.249,-1.11
2021-06-16,2021-06-16,1.234,-1.2
2021-06-17,2021-06-17,1.235,0.08
2021-06-18,2021-06-18,1.229,-0.49
2021-06-21,2021-06-21,1.217,-0.98
2021-06-22,2021-06-22,1.22,0.25
2021-06-23,2021-06-23,1.239,1.56
2021-06-24,2021-06-24,1.24,0.08
2021-06-25,2021-06-25,1.248,0.65
2021-06-28,2021-06-28,1.249,0.08
2021-06-29,2021-06-29,1.232,-1.36
2021-06-30,2021-06-30,1.242,0.81
2021-07-01,2021-07-01,1.242,0.0
2021-07-02,2021-07-02,1.216,-2.09
2021-07-05,2021-07-05,1.217,0.08
2021-07-06,2021-07-06,1.219,0.16
2021-07-07,2021-07-07,1.226,0.57
2021-07-08,2021-07-08,1.214,-0.98
2021-07-09,2021-07-09,1.222,0.66
2021-07-12,2021-07-12,1.226,0.33
2021-07-13,2021-07-13,1.242,1.31
2021-07-14,2021-07-14,1.239,-0.24
2021-07-15,2021-07-15,1.237,-0.16
2021-07-16,2021-07-16,1.227,-0.81
2021-07-19,2021-07-19,1.237,0.81
2021-07-20,2021-07-20,1.235,-0.16
2021-07-21,2021-07-21,1.238,0.24
2021-07-22,2021-07-22,1.241,0.24
2021-07-23,2021-07-23,1.236,-0.4
2021-07-26,2021-07-26,1.193,-3.48
2021-07-27,2021-07-27,1.151,-3.52
2021-07-28,2021-07-28,1.149,-0.17
2021-07-29,2021-07-29,1.163,1.22
2021-07-30,2021-07-30,1.153,-0.86
2021-08-02,2021-08-02,1.191,3.3
2021-08-03,2021-08-03,1.215,2.02
2021-08-04,2021-08-04,1.216,0.08
2021-08-05,2021-08-05,1.204,-0.99
2021-08-06,2021-08-06,1.198,-0.5
2021-08-09,2021-08-09,1.226,2.34
2021-08-10,2021-08-10,1.235,0.73
2021-08-11,2021-08-11,1.241,0.49
2021-08-12,2021-08-12,1.231,-0.81
2021-08-13,2021-08-13,1.23,-0.08
2021-08-16,2021-08-16,1.248,1.46
2021-08-17,2021-08-17,1.252,0.32
2021-08-18,2021-08-18,1.314,4.95
2021-08-19,2021-08-19,1.297,-1.29
2021-08-20,2021-08-20,1.307,0.77
2021-08-23,2021-08-23,1.311,0.31
2021-08-24,2021-08-24,1.32,0.69
2021-08-25,2021-08-25,1.298,-1.67
2021-08-26,2021-08-26,1.276,-1.69
2021-08-27,2021-08-27,1.277,0.08
2021-08-30,2021-08-30,1.237,-3.13
2021-08-31,2021-08-31,1.288,4.12
2021-09-01,2021-09-01,1.366,6.06
2021-09-02,2021-09-02,1.396,2.2
2021-09-03,2021-09-03,1.377,-1.36
2021-09-06,2021-09-06,1.402,1.82
2021-09-07,2021-09-07,1.435,2.35
2021-09-08,2021-09-08,1.426,-0.63
2021-09-09,2021-09-09,1.443,1.19
2021-09-10,2021-09-10,1.47,1.87
2021-09-13,2021-09-13,1.51,2.72
2021-09-14,2021-09-14,1.472,-2.52
2021-09-15,2021-09-15,1.441,-2.11
2021-09-16,2021-09-16,1.408,-2.29
2021-09-17,2021-09-17,1.437,2.06
2021-09-22,2021-09-22,1.46,1.6
2021-09-23,2021-09-23,1.486,1.78
2021-09-24,2021-09-24,1.432,-3.63
2021-09-27,2021-09-27,1.377,-3.84
2021-09-28,2021-09-28,1.411,2.47
2021-09-29,2021-09-29,1.368,-3.05
2021-09-30,2021-09-30,1.375,0.51
2021-10-08,2021-10-08,1.381,0.44
2021-10-11,2021-10-11,1.377,-0.29
2021-10-12,2021-10-12,1.357,-1.45
2021-10-13,2021-10-13,1.347,-0.74
2021-10-14,2021-10-14,1.322,-1.86
2021-10-15,2021-10-15,1.321,-0.08
2021-10-18,2021-10-18,1.316,-0.38
2021-10-19,2021-10-19,1.315,-0.08
2021-10-20,2021-10-20,1.306,-0.68
2021-10-21,2021-10-21,1.319,1.0
2021-10-22,2021-10-22,1.329,0.76
2021-10-25,2021-10-25,1.318,-0.83
2021-10-26,2021-10-26,1.297,-1.59
2021-10-27,2021-10-27,1.269,-2.16
2021-10-28,2021-10-28,1.254,-1.18
2021-10-29,2021-10-29,1.241,-1.04
2021-11-01,2021-11-01,1.239,-0.16
2021-11-02,2021-11-02,1.204,-2.82
2021-11-03,2021-11-03,1.225,1.74
2021-11-04,2021-11-04,1.22,-0.41
2021-11-05,2021-11-05,1.205,-1.23
2021-11-08,2021-11-08,1.213,0.66
2021-11-09,2021-11-09,1.221,0.66
2021-11-10,2021-11-10,1.232,0.9
2021-11-11,2021-11-11,1.315,6.74
2021-11-12,2021-11-12,1.297,-1.37
2021-11-15,2021-11-15,1.29,-0.54
2021-11-16,2021-11-16,1.275,-1.16
2021-11-17,2021-11-17,1.275,0.0
2021-11-18,2021-11-18,1.26,-1.18
2021-11-19,2021-11-19,1.306,3.65
2021-11-22,2021-11-22,1.291,-1.15
2021-11-23,2021-11-23,1.301,0.77
2021-11-24,2021-11-24,1.313,0.92
2021-11-25,2021-11-25,1.311,-0.15
2021-11-26,2021-11-26,1.295,-1.22
2021-11-29,2021-11-29,1.274,-1.62
2021-11-30,2021-11-30,1.272,-0.16
2021-12-01,2021-12-01,1.292,1.57
2021-12-02,2021-12-02,1.322,2.32
2021-12-03,2021-12-03,1.344,1.66
2021-12-06,2021-12-06,1.371,2.01
2021-12-07,2021-12-07,1.401,2.19
2021-12-08,2021-12-08,1.407,0.43
2021-12-09,2021-12-09,1.428,1.49
2021-12-10,2021-12-10,1.401,-1.89
2021-12-13,2021-12-13,1.429,2.0
2021-12-14,2021-12-14,1.399,-2.1
2021-12-15,2021-12-15,1.401,0.14
2021-12-16,2021-12-16,1.413,0.86
2021-12-17,2021-12-17,1.402,-0.78
2021-12-20,2021-12-20,1.391,-0.78
2021-12-21,2021-12-21,1.429,2.73
2021-12-22,2021-12-22,1.435,0.42
2021-12-23,2021-12-23,1.44,0.35
2021-12-24,2021-12-24,1.44,0.0
2021-12-27,2021-12-27,1.457,1.18
2021-12-28,2021-12-28,1.451,-0.41
2021-12-29,2021-12-29,1.434,-1.17
2021-12-30,2021-12-30,1.451,1.19
2021-12-31,2021-12-31,1.463,0.83
2022-01-04,2022-01-04,1.457,-0.41
2022-01-05,2022-01-05,1.453,-0.27
2022-01-06,2022-01-06,1.449,-0.28
2022-01-07,2022-01-07,1.479,2.07
2022-01-10,2022-01-10,1.48,0.07
2022-01-11,2022-01-11,1.481,0.07
2022-01-12,2022-01-12,1.48,-0.07
2022-01-13,2022-01-13,1.456,-1.62
2022-01-14,2022-01-14,1.429,-1.85
2022-01-17,2022-01-17,1.421,-0.56
2022-01-18,2022-01-18,1.453,2.25
2022-01-19,2022-01-19,1.49,2.55
2022-01-20,2022-01-20,1.512,1.48
2022-01-21,2022-01-21,1.49,-1.46
2022-01-24,2022-01-24,1.493,0.2
2022-01-25,2022-01-25,1.455,-2.55
2022-01-26,2022-01-26,1.458,0.21
2022-01-27,2022-01-27,1.427,-2.13
2022-01-28,2022-01-28,1.414,-0.91
2022-02-07,2022-02-07,1.423,0.64
2022-02-08,2022-02-08,1.441,1.26
2022-02-09,2022-02-09,1.452,0.76
2022-02-10,2022-02-10,1.456,0.28
2022-02-11,2022-02-11,1.475,1.3
2022-02-14,2022-02-14,1.433,-2.85
2022-02-15,2022-02-15,1.416,-1.19
2022-02-16,2022-02-16,1.443,1.91
2022-02-17,2022-02-17,1.431,-0.83
2022-02-18,2022-02-18,1.457,1.82
2022-02-21,2022-02-21,1.456,-0.07
2022-02-22,2022-02-22,1.437,-1.3
2022-02-23,2022-02-23,1.433,-0.28
2022-02-24,2022-02-24,1.399,-2.37
2022-02-25,2022-02-25,1.381,-1.29
